ID,SENTENCE,SAME_DEPENDENCY,DEPENDENCY_PATH,SENTENCE_PATTERN,SENTENCE_STRUCTURE_WORD,SENTENCE_STRUCTURE_WORD_POS,QUESTION_WORD_POS,NUMMOD,OBL_TMOD,ADVCL,OBL_AGENT,CONJ,OBL,CC,OBL_NPMOD,CC_PRECONJ,COP,NMOD_POSSESS,PUNCT,XCOMP,EXPL,AUX,OBJ,ACL,CCOMP,ACL_RELCL,DEP,APPOS,NSUBJ_PASS,FLAT,CASE,AMOD,ROOT,NMOD_NPMOD,AUX_PASS,MARK,ADVCL_RELCL,ADVMOD,NMOD,IOBJ,DET_PREDET,FIXED,DET,COMPOUND,NSUBJ
1,Which companies are in the computer software industry?,1,,“…Œ æ‰,Which,WDT,NNS,0,0,0,0,0,0,0,0,0,0,0,0,0,0,0,0,0,0,0,0,0,0,0,0,0,0,0,0,0,0,0,0,0,0,0,1,0,1
2,Which telecommunications organizations are located in Belgium?,1,,“…Œ æ‰,Which,WDT,NNS,0,0,0,0,0,0,0,0,0,0,0,0,0,0,0,0,0,0,0,0,0,1,0,0,0,0,0,0,0,0,0,0,0,0,0,1,1,0
3,Give me the official websites of actors of the television show Charmed.,0,,≥¬ ˆæ‰,VB,VB,NNS,0,0,0,0,0,0,0,0,0,0,0,0,0,0,0,1,0,0,0,0,0,0,0,0,1,0,0,0,0,0,0,1,0,0,0,1,0,0
4,Give me the capitals of all U.S. states.,0,,≥¬ ˆæ‰,VB,VB,NNS,0,0,0,0,0,0,0,0,0,0,0,0,0,0,0,1,0,0,0,0,0,0,0,0,0,0,0,0,0,0,0,1,0,0,0,1,0,0
5,What are the official languages of the Philippines?,1,,“…Œ æ‰,What,WP,NNS,0,0,0,0,0,0,0,0,0,0,0,0,0,0,0,0,0,0,0,0,0,0,0,0,1,0,0,0,0,0,0,1,0,0,0,1,0,1
6,Who is the mayor of New York City?,1,,“…Œ æ‰,Who,WP,NN,0,0,0,0,0,0,0,0,0,1,0,0,0,0,0,0,0,0,0,0,0,0,0,0,0,1,0,0,0,0,0,1,0,0,0,1,0,1
7,Where did Abraham Lincoln die?,0,,“…Œ æ‰,Where,WRB,WRB,0,0,0,0,0,0,0,0,0,0,0,0,0,0,0,0,0,0,0,0,0,0,0,0,0,0,0,0,0,0,1,0,0,0,0,0,0,0
8,When was the Battle of Gettysburg?,0,,“…Œ æ‰,When,WRB,WRB,0,0,0,0,0,0,0,0,0,1,0,0,0,0,0,0,0,0,0,0,0,0,0,0,0,1,0,0,0,0,0,0,0,0,0,0,0,1
9,Which countries have more than two official languages?,1,,“…Œ æ‰,Which,WDT,NNS,0,0,0,0,0,0,0,0,0,0,0,0,0,0,0,0,0,0,0,0,0,0,0,0,0,0,0,0,0,0,0,0,0,0,0,1,0,1
10,What is the area code of Berlin?,1,,“…Œ æ‰,What,WP,NN,0,0,0,0,0,0,0,0,0,0,0,0,0,0,0,0,0,0,0,0,0,0,0,0,0,0,0,0,0,0,0,1,0,0,0,1,1,1
11,Which classis does the Millepede belong to?,1,,“…Œ æ‰,Which,WDT,NN,0,0,0,0,0,1,0,0,0,0,0,0,0,0,0,0,0,0,0,0,0,0,0,1,0,0,0,0,0,0,0,0,0,0,0,1,0,0
12,In which country is the Limerick Lake?,1,,“…Œ æ‰,which,WDT,NN,0,0,0,0,0,1,0,0,0,0,0,0,0,0,0,0,0,0,0,0,0,0,0,1,0,0,0,0,0,0,0,0,0,0,0,1,0,0
13,What is the profession of Frank Herbert?,1,,“…Œ æ‰,What,WP,NN,0,0,0,0,0,0,0,0,0,0,0,0,0,0,0,0,0,0,0,0,0,0,0,0,0,0,0,0,0,0,0,1,0,0,0,1,0,1
14,Who is the owner of Universal Studios?,1,,“…Œ æ‰,Who,WP,NN,0,0,0,0,0,0,0,0,0,1,0,0,0,0,0,0,0,0,0,0,0,0,0,0,0,1,0,0,0,0,0,1,0,0,0,1,0,1
15,Which state of the United States of America has the highest density?,0,"[""[det£∫<--]-->[nmod£∫-->]""]",“…Œ æ‰,Which,WDT,NNPS,0,0,0,0,0,0,0,0,0,0,0,0,0,0,0,0,0,0,0,0,0,0,0,1,1,0,0,0,0,0,0,1,0,0,0,1,0,0
16,Give me all cities in New Jersey with more than 100000 inhabitants.,0,,≥¬ ˆæ‰,VB,VB,NNS,0,0,0,0,0,0,0,0,0,0,0,0,0,0,0,1,0,0,0,0,0,0,0,0,0,0,0,0,0,0,0,1,0,0,0,1,0,0
17,What is the currency of the Czech Republic?,1,,“…Œ æ‰,What,WP,NN,0,0,0,0,0,0,0,0,0,0,0,0,0,0,0,0,0,0,0,0,0,0,0,0,0,0,0,0,0,0,0,1,0,0,0,1,0,1
18,Which European countries are a constitutional monarchy?,1,,“…Œ æ‰,Which,WDT,NNS,0,0,0,0,0,0,0,0,0,0,0,0,0,0,0,0,0,0,0,0,0,0,0,0,1,0,0,0,0,0,0,0,0,0,0,1,0,1
19,How many monarchical countries are there in Europe?,0,"[""[advmod£∫<--]-->[amod£∫<--]""]",“…Œ æ‰,How,WRB,NNS,0,0,0,0,0,0,0,0,0,0,0,0,0,0,0,0,0,0,0,0,0,0,0,0,1,0,0,0,0,0,0,0,0,0,0,0,0,1
20,Which countries in the European Union adopted the Euro?,1,,“…Œ æ‰,Which,WDT,NNS,0,0,0,0,0,0,0,0,0,0,0,0,0,0,0,0,0,0,0,0,0,0,0,0,0,0,0,0,0,0,0,1,0,0,0,1,0,1
21,Which presidents of the United States had more than three children?,1,,“…Œ æ‰,Which,WDT,NNS,0,0,0,0,0,0,0,0,0,0,0,0,0,0,0,0,0,0,0,0,0,0,0,0,0,0,0,0,0,0,0,1,0,0,0,1,0,1
22,What is the highest mountain in Germany?,1,,“…Œ æ‰,What,WP,NN,0,0,0,0,0,0,0,0,0,0,0,0,0,0,0,0,0,0,0,0,0,0,0,0,1,0,0,0,0,0,0,1,0,0,0,1,0,1
23,Give me the homepage of Forbes.,0,,≥¬ ˆæ‰,VB,VB,NN,0,0,0,0,0,0,0,0,0,0,0,0,0,0,0,1,0,0,0,0,0,0,0,0,0,0,0,0,0,0,0,1,0,0,0,1,0,0
24,Give me all soccer clubs in Spain.,0,,≥¬ ˆæ‰,VB,VB,NNS,0,0,0,0,0,0,0,0,0,0,0,0,0,0,0,1,0,0,0,0,0,0,0,0,0,0,0,0,0,0,0,1,0,0,0,1,1,0
25,What is the revenue of IBM?,1,,“…Œ æ‰,What,WP,NN,0,0,0,0,0,0,0,0,0,0,0,0,0,0,0,0,0,0,0,0,0,0,0,0,0,0,0,0,0,0,0,1,0,0,0,1,0,1
26,Which states of Germany are governed by the Social Democratic Party?,1,,“…Œ æ‰,Which,WDT,NNS,0,0,0,0,0,0,0,0,0,0,0,0,0,0,0,0,0,0,0,0,0,1,0,0,0,0,0,0,0,0,0,1,0,0,0,1,0,0
27,In which films directed by Garry Marshall was Julia Roberts starring?,1,,“…Œ æ‰,which,WDT,NNS,0,0,0,0,0,0,0,0,0,1,0,0,0,0,0,0,1,0,0,0,0,0,0,1,0,0,0,0,0,0,0,1,0,0,0,1,0,0
28,Which museum exhibits The Scream by Munch?,1,,“…Œ æ‰,Which,WDT,NN,0,0,0,0,0,0,0,0,0,0,0,0,0,0,0,0,0,0,0,0,0,0,0,0,0,0,0,0,0,0,0,0,0,0,0,1,0,1
29,Which television shows were created by Walt Disney?,0,"[""[det£∫<--]-->[compound£∫-->]""]",“…Œ æ‰,Which,WDT,NN,0,0,0,0,0,0,0,0,0,0,0,0,0,0,0,0,0,0,0,0,0,0,0,0,0,0,0,0,0,0,0,0,0,0,0,0,1,0
30,Who created Goofy?,0,,“…Œ æ‰,Who,WP,WP,0,0,0,0,0,0,0,0,0,0,0,0,0,0,0,0,0,0,0,0,0,0,0,0,0,0,0,0,0,0,0,0,0,0,0,0,0,1
31,Through which countries does the Yenisei river flow?,1,,“…Œ æ‰,which,WDT,NNS,0,0,0,0,0,0,0,0,0,0,0,0,0,0,0,0,0,0,0,0,0,0,0,1,0,0,0,0,0,0,0,0,0,0,0,1,0,1
32,Which monarchs of the United Kingdom were married to a German?,1,,“…Œ æ‰,Which,WDT,NNS,0,0,0,0,0,0,0,0,0,0,0,0,0,0,0,0,0,0,0,0,0,1,0,0,0,0,0,0,0,0,0,1,0,0,0,1,0,0
33,Who is the daughter of Bill Clinton married to?,0,,“…Œ æ‰,Who,WP,WP,0,0,0,0,0,0,0,0,0,0,0,0,0,0,0,0,0,0,0,0,0,0,0,0,0,0,0,0,0,0,0,0,0,0,0,0,0,1
34,Which states border Utah?,1,,“…Œ æ‰,Which,WDT,NNS,0,0,0,0,0,0,0,0,0,0,0,0,0,0,0,0,0,0,0,0,0,0,0,0,0,0,0,0,0,0,0,0,0,0,0,1,1,0
35,Which U.S. states possess gold minerals?,1,,“…Œ æ‰,Which,WDT,NNS,0,0,0,0,0,0,0,0,0,0,0,0,0,0,0,0,0,0,0,0,0,0,0,0,0,0,0,0,0,0,0,0,0,0,0,1,1,1
36,Who is the author of WikiLeaks?,1,,“…Œ æ‰,Who,WP,NN,0,0,0,0,0,0,0,0,0,1,0,0,0,0,0,0,0,0,0,0,0,0,0,0,0,1,0,0,0,0,0,1,0,0,0,1,0,1
37,Who designed the Brooklyn Bridge?,0,,“…Œ æ‰,Who,WP,WP,0,0,0,0,0,0,0,0,0,0,0,0,0,0,0,0,0,0,0,0,0,0,0,0,0,0,0,0,0,0,0,0,0,0,0,0,0,1
38,Which bridges are of the same type as the Manhattan Bridge?,1,,“…Œ æ‰,Which,WDT,NNS,0,0,0,0,0,0,0,0,0,0,0,0,0,0,0,0,0,0,0,0,0,0,0,0,0,0,0,0,0,0,0,0,0,0,0,1,0,1
39,Which river does the Brooklyn Bridge cross?,1,,“…Œ æ‰,Which,WDT,NN,0,0,0,0,0,0,0,0,0,0,0,0,0,0,0,0,0,0,0,0,0,0,0,0,0,0,0,0,0,0,0,0,0,0,0,1,0,1
40,Which locations have more than two caves?,1,,“…Œ æ‰,Which,WDT,NNS,0,0,0,0,0,0,0,0,0,0,0,0,0,0,0,0,0,0,0,0,0,0,0,0,0,0,0,0,0,0,0,0,0,0,0,1,0,1
41,Which mountain is the highest after the Annapurna?,1,,“…Œ æ‰,Which,WDT,NN,0,0,0,0,0,0,0,0,0,0,0,0,0,0,0,0,0,0,0,0,0,0,0,0,0,0,0,0,0,0,0,0,0,0,0,1,0,1
42,What is the highest place of Karakoram?,1,,“…Œ æ‰,What,WP,NN,0,0,0,0,0,0,0,0,0,0,0,0,0,0,0,0,0,0,0,0,0,0,0,0,1,0,0,0,0,0,0,1,0,0,0,1,0,1
43,What did Bruce Carver die from?,0,,“…Œ æ‰,What,WP,WP,0,0,0,0,0,1,0,0,0,0,0,0,0,0,0,0,0,0,0,0,0,0,0,1,0,0,0,0,0,0,0,0,0,0,0,0,0,0
44,When did Germany join the EU?,0,,“…Œ æ‰,When,WRB,WRB,0,0,0,0,0,0,0,0,0,0,0,0,0,0,0,0,0,0,0,0,0,0,0,0,0,0,0,0,0,0,1,0,0,0,0,0,0,0
45,How tall is Claudia Schiffer?,1,,“…Œ æ‰,How,WRB,JJ,0,0,0,0,0,0,0,0,0,1,0,0,0,0,0,0,0,0,0,0,0,0,0,0,1,0,0,0,0,0,1,0,0,0,0,0,0,0
46,In which country does the Nile start?,1,,“…Œ æ‰,which,WDT,NN,0,0,0,0,0,0,0,0,0,0,0,0,0,0,0,0,0,0,0,0,0,0,0,1,0,0,0,0,0,0,0,0,0,0,0,1,0,1
47,Which German cities have more than 250000 inhabitants?,1,,“…Œ æ‰,Which,WDT,NNS,0,0,0,0,0,0,0,0,0,0,0,0,0,0,0,0,0,0,0,0,0,0,0,0,1,0,0,0,0,0,0,0,0,0,0,1,0,1
48,Who was the successor of John F. Kennedy?,1,,“…Œ æ‰,Who,WP,NN,0,0,0,0,0,0,0,0,0,1,0,0,0,0,0,0,0,0,0,0,0,0,0,0,0,1,0,0,0,0,0,1,0,0,0,1,0,1
49,Who is the mayor of Berlin?,1,,“…Œ æ‰,Who,WP,NN,0,0,0,0,0,0,0,0,0,1,0,0,0,0,0,0,0,0,0,0,0,0,0,0,0,1,0,0,0,0,0,1,0,0,0,1,0,1
50,How many students does the Free University in Amsterdam have?,0,"[""[advmod£∫<--]-->[amod£∫<--]""]",“…Œ æ‰,How,WRB,NNS,0,0,0,0,0,0,0,0,0,0,0,0,0,0,0,0,0,0,0,0,0,0,0,0,1,0,0,0,0,0,0,0,0,0,0,0,0,1
51,What is the second highest mountain on Earth?,1,,“…Œ æ‰,What,WP,NN,0,0,0,0,0,0,0,0,0,0,0,0,0,0,0,0,0,0,0,0,0,0,0,0,1,0,0,0,0,0,0,1,0,0,0,1,0,1
52,Give me all professional skateboarders from Sweden.,0,,≥¬ ˆæ‰,VB,VB,NNS,0,0,0,0,0,0,0,0,0,0,0,0,0,0,0,1,0,0,0,0,0,0,0,0,1,0,0,0,0,0,0,1,0,0,0,1,0,0
53,When was Alberta admitted as province?,0,,“…Œ æ‰,When,WRB,WRB,0,0,0,0,0,0,0,0,0,0,0,0,0,0,0,0,0,0,0,0,0,0,0,0,0,0,0,0,0,0,1,0,0,0,0,0,0,0
54,To which countries does the Himalayan mountain system extend?,1,,“…Œ æ‰,which,WDT,NNS,0,0,0,0,0,0,0,0,0,0,0,0,0,0,0,0,0,0,0,0,0,0,0,1,0,0,0,0,0,0,0,0,0,0,0,1,0,1
55,Give me a list of all trumpet players that were bandleaders.,0,,≥¬ ˆæ‰,VB,VB,NN,0,0,0,0,0,0,0,0,0,0,0,0,0,0,0,1,0,0,0,0,0,0,0,0,0,0,0,0,0,0,0,1,0,0,0,1,0,0
56,What is the total amount of men and women serving in the FDNY?,1,,“…Œ æ‰,What,WP,NN,0,0,0,0,0,0,0,0,0,0,0,0,0,0,0,0,0,0,0,0,0,0,0,0,1,0,0,0,0,0,0,1,0,0,0,1,0,1
57,Who is the Formula 1 race driver with the most races?,1,,“…Œ æ‰,Who,WP,NN,0,0,0,0,0,0,0,0,0,1,0,0,0,0,0,0,0,0,0,0,0,0,0,0,0,1,0,0,0,0,0,1,0,0,0,1,1,1
58,Give me all world heritage sites designated within the past five years.,0,"[""[obj£∫-->]-->[compound£∫-->]""]",≥¬ ˆæ‰,VB,VB,NN,0,0,0,0,0,0,0,0,0,0,0,0,0,0,0,0,0,0,0,0,0,0,0,0,0,0,0,0,0,0,0,0,0,0,0,0,1,0
59,Who is the youngest player in the Premier League?,1,,“…Œ æ‰,Who,WP,NN,0,0,0,0,0,0,0,0,0,1,0,0,0,0,0,0,0,0,0,0,0,0,0,0,1,1,0,0,0,0,0,1,0,0,0,1,0,1
60,Give me all members of Prodigy.,0,,≥¬ ˆæ‰,VB,VB,NNS,0,0,0,0,0,0,0,0,0,0,0,0,0,0,0,1,0,0,0,0,0,0,0,0,0,0,0,0,0,0,0,1,0,0,0,1,0,0
61,What is the longest river?,1,,“…Œ æ‰,What,WP,NN,0,0,0,0,0,0,0,0,0,0,0,0,0,0,0,0,0,0,0,0,0,0,0,0,1,0,0,0,0,0,0,0,0,0,0,1,0,1
62,Give me all cars that are produced in Germany.,0,,≥¬ ˆæ‰,VB,VB,NNS,0,0,0,0,0,0,0,0,0,0,0,0,0,0,0,1,0,0,1,0,0,0,0,0,0,0,0,0,0,0,0,0,0,0,0,1,0,0
63,Give me all people that were born in Vienna and died in Berlin.,0,,≥¬ ˆæ‰,VB,VB,NNS,0,0,0,0,0,0,0,0,0,0,0,0,0,0,0,1,0,0,1,0,0,0,0,0,0,0,0,0,0,0,0,0,0,0,0,1,0,0
64,How tall is Michael Jordan?,1,,“…Œ æ‰,How,WRB,JJ,0,0,0,0,0,0,0,0,0,0,0,0,0,0,0,0,0,0,0,0,0,0,0,0,0,0,0,0,0,0,1,0,0,0,0,0,0,1
65,What is the capital of Canada?,1,,“…Œ æ‰,What,WP,NN,0,0,0,0,0,0,0,0,0,0,0,0,0,0,0,0,0,0,0,0,0,0,0,0,0,0,0,0,0,0,0,1,0,0,0,1,0,1
66,Who is the governor of Texas?,1,,“…Œ æ‰,Who,WP,NN,0,0,0,0,0,0,0,0,0,1,0,0,0,0,0,0,0,0,0,0,0,0,0,0,0,1,0,0,0,0,0,1,0,0,0,1,0,1
67,Who was the father of Queen Elizabeth II?,1,,“…Œ æ‰,Who,WP,NN,0,0,0,0,0,0,0,0,0,1,0,0,0,0,0,0,0,0,0,0,0,0,0,0,0,1,0,0,0,0,0,1,0,0,0,1,0,1
68,Which U.S. state has been admitted latest?,1,,“…Œ æ‰,Which,WDT,NN,0,0,0,0,0,0,0,0,0,0,0,0,0,0,0,0,0,0,0,0,0,1,0,0,0,0,0,0,0,0,0,0,0,0,0,1,1,0
69,How many official languages are spoken on the Seychelles?,0,"[""[advmod£∫<--]-->[amod£∫<--]""]",“…Œ æ‰,How,WRB,NNS,0,0,0,0,0,0,0,0,0,0,0,0,0,0,0,0,0,0,0,0,0,1,0,0,1,0,0,0,0,0,0,0,0,0,0,0,0,0
70,Sean Parnell is the governor of which U.S. state?,0,"[""[obl£∫<--]-->[nmod£∫<--]""]",“…Œ æ‰,which,WDT,NN,0,0,0,0,0,0,0,0,0,1,0,0,0,0,0,0,0,0,0,0,0,0,0,0,0,1,0,0,0,0,0,1,0,0,0,1,0,1
71,Give me all movies directed by Francis Ford Coppola.,0,,≥¬ ˆæ‰,VB,VB,NNS,0,0,0,0,0,0,0,0,0,0,0,0,0,0,0,1,1,0,0,0,0,0,0,0,0,0,0,0,0,0,0,0,0,0,0,1,0,0
72,Give me all actors starring in movies directed by and starring William Shatner.,0,,≥¬ ˆæ‰,VB,VB,NNS,0,0,0,0,0,0,0,0,0,0,0,0,0,0,0,1,1,0,0,0,0,0,0,0,0,0,0,0,0,0,0,0,0,0,0,1,0,0
73,What is the birth name of Angela Merkel?,1,,“…Œ æ‰,What,WP,NN,0,0,0,0,0,0,0,0,0,0,0,0,0,0,0,0,0,0,0,0,0,0,0,0,0,0,0,0,0,0,0,1,0,0,0,1,1,1
74,Give me all current Methodist national leaders.,0,,≥¬ ˆæ‰,VB,VB,NNS,0,0,0,0,0,0,0,0,0,0,0,0,0,0,0,1,0,0,0,0,0,0,0,0,1,0,0,0,0,0,0,0,0,0,0,1,0,0
75,How often did Nicole Kidman marry?,1,,“…Œ æ‰,How,WRB,RB,0,0,0,0,0,0,0,0,0,0,0,0,0,0,0,0,0,0,0,0,0,0,0,0,0,0,0,0,0,0,1,0,0,0,0,0,0,0
76,Give me all Australian nonprofit organizations.,0,,≥¬ ˆæ‰,VB,VB,NNS,0,0,0,0,0,0,0,0,0,0,0,0,0,0,0,1,0,0,0,0,0,0,0,0,1,0,0,0,0,0,0,0,0,0,0,1,1,0
77,In which military conflicts did Lawrence of Arabia participate?,0,"[""[obl£∫<--]-->[nsubj£∫-->]""]",“…Œ æ‰,which,WDT,NNS,0,0,0,0,0,0,0,0,0,0,0,0,0,0,0,0,0,0,0,0,0,0,0,0,1,0,0,0,0,0,0,0,0,0,0,0,0,1
78,Who developed Skype?,0,,“…Œ æ‰,Who,WP,WP,0,0,0,0,0,0,0,0,0,0,0,0,0,0,0,0,0,0,0,0,0,0,0,0,0,0,0,0,0,0,0,0,0,0,0,0,0,1
79,What is the melting point of copper?,1,,“…Œ æ‰,What,WP,NN,0,0,0,0,0,0,0,0,0,0,0,0,0,0,0,0,0,0,0,0,0,0,0,0,0,0,0,0,0,0,0,1,0,0,0,1,1,1
80,Give me all sister cities of Brno.,0,,≥¬ ˆæ‰,VB,VB,NNS,0,0,0,0,0,0,0,0,0,0,0,0,0,0,0,1,0,0,0,0,0,0,0,0,0,0,0,0,0,0,0,1,0,0,0,1,1,0
81,How many inhabitants does Maribor have?,0,"[""[advmod£∫<--]-->[amod£∫<--]""]",“…Œ æ‰,How,WRB,NNS,0,0,0,0,0,0,0,0,0,0,0,0,0,0,0,1,0,0,0,0,0,0,0,0,1,0,0,0,0,0,0,0,0,0,0,0,0,0
82,Give me all companies in Munich.,0,,≥¬ ˆæ‰,VB,VB,NNS,0,0,0,0,0,0,0,0,0,0,0,0,0,0,0,1,0,0,0,0,0,0,0,0,0,0,0,0,0,0,0,1,0,0,0,1,0,0
83,List all boardgames by GMT.,0,,≥¬ ˆæ‰,VB,VB,NNS,0,0,0,0,0,0,0,0,0,0,0,0,0,0,0,1,0,0,0,0,0,0,0,0,0,0,0,0,0,0,0,0,0,0,0,1,0,0
84,Who founded Intel?,0,,“…Œ æ‰,Who,WP,WP,0,0,0,0,0,0,0,0,0,0,0,0,0,0,0,0,0,0,0,0,0,0,0,0,0,0,0,0,0,0,0,0,0,0,0,0,0,1
85,Who is the husband of Amanda Palmer?,1,,“…Œ æ‰,Who,WP,NN,0,0,0,0,0,0,0,0,0,1,0,0,0,0,0,0,0,0,0,0,0,0,0,0,0,1,0,0,0,0,0,1,0,0,0,1,0,1
86,Give me all breeds of the German Shepherd dog.,0,"[""[obj£∫-->]-->[nmod£∫-->]""]",≥¬ ˆæ‰,VB,VB,NN,0,0,0,0,0,0,0,0,0,0,0,0,0,0,0,0,0,0,0,0,0,0,0,1,1,0,0,0,0,0,0,1,0,0,0,1,1,0
87,Which cities does the Weser flow through?,1,,“…Œ æ‰,Which,WDT,NNS,0,0,0,0,0,0,0,0,0,0,0,0,0,0,0,0,0,0,0,0,0,0,0,0,0,0,0,0,0,0,0,0,0,0,0,1,0,1
88,Which countries are connected by the Rhine?,1,,“…Œ æ‰,Which,WDT,NNS,0,0,0,0,0,0,0,0,0,0,0,0,0,0,0,0,0,0,0,0,0,1,0,0,0,0,0,0,0,0,0,0,0,0,0,1,0,0
89,Which professional surfers were born on the Philippines?,1,,“…Œ æ‰,Which,WDT,NNS,0,0,0,0,0,0,0,0,0,0,0,0,0,0,0,0,0,0,0,0,0,1,0,0,1,0,0,0,0,0,0,0,0,0,0,1,0,0
90,What is the average temperature on Hawaii?,1,,“…Œ æ‰,What,WP,NN,0,0,0,0,0,0,0,0,0,0,0,0,0,0,0,0,0,0,0,0,0,0,0,0,1,0,0,0,0,0,0,1,0,0,0,1,0,1
91,In which UK city are the headquarters of the MI6?,0,"[""[det£∫<--]-->[nsubj£∫-->]""]",“…Œ æ‰,which,WDT,NN,0,0,0,0,0,0,0,0,0,0,0,0,0,0,0,0,0,0,0,0,0,0,0,0,0,0,0,0,0,0,0,0,0,0,0,0,1,1
92,Which other weapons did the designer of the Uzi develop?,1,,“…Œ æ‰,Which,WDT,NNS,0,0,0,0,0,0,0,0,0,0,0,0,0,0,0,0,0,0,0,0,0,0,0,0,1,0,0,0,0,0,0,0,0,0,0,1,0,1
93,Give me all Frisian islands that belong to the Netherlands.,0,,≥¬ ˆæ‰,VB,VB,NNS,0,0,0,0,0,0,0,0,0,0,0,0,0,0,0,1,0,0,1,0,0,0,0,0,1,0,0,0,0,0,0,0,0,0,0,1,0,0
94,Who invented the zipper?,0,,“…Œ æ‰,Who,WP,WP,0,0,0,0,0,0,0,0,0,0,0,0,0,0,0,0,0,0,0,0,0,0,0,0,0,0,0,0,0,0,0,0,0,0,0,0,0,1
95,What is the ruling party in Lisbon?,1,,“…Œ æ‰,What,WP,NN,0,0,0,0,0,0,0,0,0,0,0,0,0,0,0,0,0,0,0,0,0,0,0,0,0,0,0,0,0,0,0,1,0,0,0,1,1,1
96,What are the nicknames of San Francisco?,1,,“…Œ æ‰,What,WP,NNS,0,0,0,0,0,0,0,0,0,0,0,0,0,0,0,0,0,0,0,0,0,0,0,0,0,0,0,0,0,0,0,1,0,0,0,1,0,1
97,Which Greek goddesses dwelt on Mount Olympus?,1,,“…Œ æ‰,Which,WDT,NNS,0,0,0,0,0,0,0,0,0,0,0,0,0,0,0,0,0,0,0,0,0,0,0,0,1,0,0,0,0,0,0,0,0,0,0,1,0,1
98,When were the Hells Angels founded?,0,,“…Œ æ‰,When,WRB,WRB,0,0,0,0,0,0,0,0,0,0,0,0,0,0,0,0,0,0,0,0,0,0,0,0,0,0,0,0,0,0,1,0,0,0,0,0,0,0
99,Give me the Apollo 14 astronauts.,0,,≥¬ ˆæ‰,VB,VB,NNS,1,0,0,0,0,0,0,0,0,0,0,0,0,0,0,1,0,0,0,0,0,0,0,0,0,0,0,0,0,0,0,0,0,0,0,1,1,0
100,What is the time zone of Salt Lake City?,1,,“…Œ æ‰,What,WP,NN,0,0,0,0,0,0,0,0,0,0,0,0,0,0,0,0,0,0,0,0,0,0,0,0,0,0,0,0,0,0,0,1,0,0,0,1,1,1
101,Which U.S. states are in the same timezone as Utah?,1,,“…Œ æ‰,Which,WDT,NNS,0,0,0,0,0,0,0,0,0,0,0,0,0,0,0,0,0,0,0,0,0,0,0,0,0,0,0,0,0,0,0,0,0,0,0,1,1,1
102,Give me a list of all lakes in Denmark.,0,,≥¬ ˆæ‰,VB,VB,NN,0,0,0,0,0,0,0,0,0,0,0,0,0,0,0,1,0,0,0,0,0,0,0,0,0,0,0,0,0,0,0,1,0,0,0,1,0,0
103,How many space missions have there been?,0,"[""[advmod£∫<--]-->[amod£∫<--]""]",“…Œ æ‰,How,WRB,NNS,0,0,0,0,0,0,0,0,0,0,0,0,0,0,0,0,0,0,0,0,0,0,0,0,1,0,0,0,0,0,0,0,0,0,0,0,1,1
104,Give me all Argentine films.,0,,≥¬ ˆæ‰,VB,VB,NNS,0,0,0,0,0,0,0,0,0,0,0,0,0,0,0,1,0,0,0,0,0,0,0,0,1,0,0,0,0,0,0,0,0,0,0,1,0,0
105,Give me all launch pads operated by NASA.,0,"[""[obj£∫-->]-->[compound£∫-->]""]",≥¬ ˆæ‰,VB,VB,NN,0,0,0,0,0,0,0,0,0,0,0,0,0,0,0,0,0,0,0,0,0,0,0,0,0,0,0,0,0,0,0,0,0,0,0,0,1,0
106,Which instruments did John Lennon play?,1,,“…Œ æ‰,Which,WDT,NNS,0,0,0,0,0,0,0,0,0,0,0,0,0,0,0,1,0,0,0,0,0,0,0,0,0,0,0,0,0,0,0,0,0,0,0,1,0,0
107,Which ships were called after Benjamin Franklin?,1,,“…Œ æ‰,Which,WDT,NNS,0,0,0,0,0,0,0,0,0,0,0,0,0,0,0,0,0,0,0,0,0,1,0,0,0,0,0,0,0,0,0,0,0,0,0,1,0,0
108,Who are the parents of the wife of Juan Carlos I?,1,,“…Œ æ‰,Who,WP,NNS,0,0,0,0,0,0,0,0,0,0,0,0,0,0,0,0,0,0,0,0,0,0,0,0,0,0,0,0,0,0,0,1,0,0,0,1,0,1
109,How many employees does Google have?,0,"[""[advmod£∫<--]-->[amod£∫<--]""]",“…Œ æ‰,How,WRB,NNS,0,0,0,0,0,0,0,0,0,0,0,0,0,0,0,1,0,0,0,0,0,0,0,0,1,0,0,0,0,0,0,0,0,0,0,0,0,0
110,When was the Statue of Liberty built?,0,,“…Œ æ‰,When,WRB,WRB,0,0,0,0,0,0,0,0,0,0,0,0,0,0,0,0,0,0,0,0,0,0,0,0,0,0,0,0,0,0,1,0,0,0,0,0,0,0
111,In which U.S. state is Area 51 located?,0,"[""[det£∫<--]-->[nsubj£∫-->]""]",“…Œ æ‰,which,WDT,NN,0,0,0,0,0,0,0,0,0,0,0,0,0,0,0,0,0,0,0,0,0,0,0,0,0,0,0,0,0,0,0,0,0,0,0,0,1,1
112,How many children did Benjamin Franklin have?,0,"[""[advmod£∫<--]-->[amod£∫<--]""]",“…Œ æ‰,How,WRB,NNS,0,0,0,0,0,0,0,0,0,0,0,0,0,0,0,1,0,0,0,0,0,0,0,0,1,0,0,0,0,0,0,0,0,0,0,0,0,0
113,When did Michael Jackson die?,0,,“…Œ æ‰,When,WRB,WRB,0,0,0,0,0,0,0,0,0,0,0,0,0,0,0,0,0,0,0,0,0,0,0,0,0,0,0,0,0,0,1,0,0,0,0,0,0,0
114,Which daughters of British earls died in the same place they were born in?,1,,“…Œ æ‰,Which,WDT,NNS,0,0,0,0,0,0,0,0,0,0,0,0,0,0,0,0,0,0,0,0,0,0,0,0,0,0,0,0,0,0,0,1,0,0,0,1,0,1
115,List the children of Margaret Thatcher.,0,,≥¬ ˆæ‰,VB,VB,NNS,0,0,0,0,0,0,0,0,0,0,0,0,0,0,0,1,0,0,0,0,0,0,0,0,0,0,0,0,0,0,0,1,0,0,0,1,0,0
116,Who was called Scarface?,0,,“…Œ æ‰,Who,WP,WP,0,0,0,0,0,0,0,0,0,0,0,0,0,0,0,0,0,0,0,0,0,1,0,0,0,0,0,0,0,0,0,0,0,0,0,0,0,0
117,Give me all books by William Goldman with more than 300 pages.,0,,≥¬ ˆæ‰,VB,VB,NNS,0,0,0,0,0,0,0,0,0,0,0,0,0,0,0,1,0,0,0,0,0,0,0,0,0,0,0,0,0,0,0,1,0,0,0,1,0,0
118,Which books by Kerouac were published by Viking Press?,1,,“…Œ æ‰,Which,WDT,NNS,0,0,0,0,0,0,0,0,0,0,0,0,0,0,0,0,0,0,0,0,0,1,0,0,0,0,0,0,0,0,0,1,0,0,0,1,0,0
119,Give me a list of all American inventions.,0,,≥¬ ˆæ‰,VB,VB,NN,0,0,0,0,0,0,0,0,0,0,0,0,0,0,0,1,0,0,0,0,0,0,0,0,0,0,0,0,0,0,0,1,0,0,0,1,0,0
120,How high is the Mount Everest?,1,,“…Œ æ‰,How,WRB,JJ,0,0,0,0,0,0,0,0,0,1,0,0,0,0,0,0,0,0,0,0,0,0,0,0,0,1,0,0,0,0,1,0,0,0,0,0,0,1
121,Who created the comic Captain America?,0,,“…Œ æ‰,Who,WP,WP,0,0,0,0,0,0,0,0,0,0,0,0,0,0,0,0,0,0,0,0,0,0,0,0,0,0,0,0,0,0,0,0,0,0,0,0,0,1
122,How many people live in the capital of Australia?,0,"[""[advmod£∫<--]-->[amod£∫<--]""]",“…Œ æ‰,How,WRB,NNS,0,0,0,0,0,0,0,0,0,0,0,0,0,0,0,0,0,0,0,0,0,0,0,0,1,0,0,0,0,0,0,0,0,0,0,0,0,1
123,What is the largest city in Australia?,1,,“…Œ æ‰,What,WP,NN,0,0,0,0,0,0,0,0,0,0,0,0,0,0,0,0,0,0,0,0,0,0,0,0,1,0,0,0,0,0,0,1,0,0,0,1,0,1
124,Who composed the music for Harold and Maude?,0,,“…Œ æ‰,Who,WP,WP,0,0,0,0,0,0,0,0,0,0,0,0,0,0,0,0,0,0,0,0,0,0,0,0,0,0,0,0,0,0,0,0,0,0,0,0,0,1
125,Which films starring Clint Eastwood did he direct himself?,1,,“…Œ æ‰,Which,WDT,NNS,0,0,0,0,0,0,0,1,0,0,0,0,0,0,0,0,1,0,0,0,0,0,0,0,0,0,0,0,0,0,0,0,0,0,0,1,0,0
126,In which city was the former Dutch queen Juliana buried?,1,,“…Œ æ‰,which,WDT,NN,0,0,0,0,0,1,0,0,0,0,0,0,0,0,0,0,0,0,0,0,0,0,0,1,0,0,0,0,0,0,0,0,0,0,0,1,0,0
127,Where is the residence of the prime minister of Spain?,1,,“…Œ æ‰,Where,WRB,NN,0,0,0,0,0,0,0,0,0,0,0,0,0,0,0,0,0,0,0,0,0,0,0,0,0,0,0,0,0,0,0,1,0,0,0,1,0,1
128,Which U.S. State has the abbreviation MN?,1,,“…Œ æ‰,Which,WDT,NNP,0,0,0,0,0,0,0,0,0,0,0,0,0,0,0,0,0,0,0,0,0,0,0,0,0,0,0,0,0,0,0,0,0,0,0,1,1,1
129,Show me all songs from Bruce Springsteen released between 1980 and 1990.,0,,≥¬ ˆæ‰,VB,VB,NNS,0,0,0,0,0,0,0,0,0,0,0,0,0,0,0,1,1,0,0,0,0,0,0,0,0,0,0,0,0,0,0,1,0,0,0,1,0,0
130,Which movies did Sam Raimi direct after Army of Darkness?,1,,“…Œ æ‰,Which,WDT,NNS,0,0,0,0,0,0,0,0,0,0,0,0,0,0,0,1,0,0,0,0,0,0,0,0,0,0,0,0,0,0,0,0,0,0,0,1,0,0
131,What is the founding year of the brewery that produces Pilsner Urquell?,1,,“…Œ æ‰,What,WP,NN,0,0,0,0,0,0,0,0,0,0,0,0,0,0,0,0,0,0,0,0,0,0,0,0,0,0,0,0,0,0,0,1,0,0,0,1,1,1
132,Who wrote the lyrics for the Polish national anthem?,0,,“…Œ æ‰,Who,WP,WP,0,0,0,0,0,0,0,0,0,0,0,0,0,0,0,0,0,0,0,0,0,0,0,0,0,0,0,0,0,0,0,0,0,0,0,0,0,1
133,Give me all B-sides of the Ramones.,0,,≥¬ ˆæ‰,VB,VB,NNS,0,0,0,0,0,0,0,0,0,0,0,1,0,0,0,1,0,0,0,0,0,0,0,0,0,0,0,0,0,0,0,1,0,0,0,1,1,0
134,Who painted The Storm on the Sea of Galilee?,0,,“…Œ æ‰,Who,WP,WP,0,0,0,0,0,0,0,0,0,0,0,0,0,0,0,0,0,0,0,0,0,0,0,0,0,0,0,0,0,0,0,0,0,0,0,0,0,1
135,Which country does the creator of Miffy come from?,1,,“…Œ æ‰,Which,WDT,NN,0,0,0,0,0,0,0,0,0,0,0,0,0,0,0,0,0,0,0,0,0,0,0,0,0,0,0,0,0,0,0,0,0,0,0,1,0,1
136,For which label did Elvis record his first album?,1,,“…Œ æ‰,which,WDT,NN,0,0,0,0,0,1,0,0,0,0,0,0,0,0,0,0,0,0,0,0,0,0,0,1,0,0,0,0,0,0,0,0,0,0,0,1,0,0
137,Who produces Orangina?,0,,“…Œ æ‰,Who,WP,WP,0,0,0,0,0,0,0,0,0,0,0,0,0,0,0,0,0,0,0,0,0,0,0,0,0,0,0,0,0,0,0,0,0,0,0,0,0,1
138,Who is the governor of Wyoming?,1,,“…Œ æ‰,Who,WP,NN,0,0,0,0,0,0,0,0,0,1,0,0,0,0,0,0,0,0,0,0,0,0,0,0,0,1,0,0,0,0,0,1,0,0,0,1,0,1
139,Who developed Minecraft?,0,,“…Œ æ‰,Who,WP,WP,0,0,0,0,0,0,0,0,0,0,0,0,0,0,0,0,0,0,0,0,0,0,0,0,0,0,0,0,0,0,0,0,0,0,0,0,0,1
140,List all games by GMT.,0,,≥¬ ˆæ‰,VB,VB,NNS,0,0,0,0,0,0,0,0,0,0,0,0,0,0,0,1,0,0,0,0,0,0,0,0,0,0,0,0,0,0,0,0,0,0,0,1,0,0
141,In which U.S. state is Fort Knox located?,1,,“…Œ æ‰,which,WDT,NN,0,0,0,0,0,0,0,0,0,0,0,0,0,0,0,0,0,0,0,0,0,1,0,0,0,0,0,0,0,0,0,0,0,0,0,1,1,0
142,Which U.S. state has the abbreviation MN?,1,,“…Œ æ‰,Which,WDT,NN,0,0,0,0,0,0,0,0,0,0,0,0,0,0,0,0,0,0,0,0,0,0,0,0,0,0,0,0,0,0,0,0,0,0,0,1,1,1
143,Which movies did Kurosawa direct after Rashomon?,1,,“…Œ æ‰,Which,WDT,NNS,0,0,0,0,0,0,0,0,0,0,0,0,0,0,0,1,0,0,0,0,0,0,0,0,0,0,0,0,0,0,0,0,0,0,0,1,0,0
144,Give me all taikonauts.,0,,≥¬ ˆæ‰,VB,VB,NNS,0,0,0,0,0,0,0,0,0,0,0,0,0,0,0,1,0,0,0,0,0,0,0,0,0,0,0,0,0,0,0,0,0,0,0,1,0,0
145,How many languages are spoken in Colombia?,0,"[""[advmod£∫<--]-->[amod£∫<--]""]",“…Œ æ‰,How,WRB,NNS,0,0,0,0,0,0,0,0,0,0,0,0,0,0,0,0,0,0,0,0,0,0,0,0,1,0,0,0,0,0,0,0,0,0,0,0,0,1
146,Which poet wrote the most books?,1,,“…Œ æ‰,Which,WDT,NN,0,0,0,0,0,0,0,0,0,0,0,0,0,0,0,0,0,0,0,0,0,0,0,0,0,0,0,0,0,0,0,0,0,0,0,1,0,1
147,How many programming languages are there?,0,"[""[advmod£∫<--]-->[amod£∫<--]""]",“…Œ æ‰,How,WRB,NNS,0,0,0,0,0,0,0,0,0,0,0,0,0,0,0,0,0,0,0,0,0,0,0,0,1,0,0,0,0,0,0,0,0,0,0,0,1,1
148,Give me all Dutch parties.,0,,≥¬ ˆæ‰,VB,VB,NNS,0,0,0,0,0,0,0,0,0,0,0,0,0,0,0,1,0,0,0,0,0,0,0,0,1,0,0,0,0,0,0,0,0,0,0,1,0,0
149,When was Carlo Giuliani shot?,0,,“…Œ æ‰,When,WRB,WRB,0,0,0,0,0,0,0,0,0,1,0,0,0,0,0,0,0,0,0,0,0,0,0,0,0,1,0,0,0,0,0,0,0,0,0,0,0,1
150,Which rivers flow into a German lake?,1,,“…Œ æ‰,Which,WDT,NNS,0,0,0,0,0,0,0,0,0,0,0,0,0,0,0,0,0,0,0,0,0,0,0,0,0,0,0,0,0,0,0,0,0,0,0,1,0,1
151,How heavy is Jupiter's lightest moon?,1,,“…Œ æ‰,How,WRB,JJ,0,0,0,0,0,0,0,0,0,1,0,0,0,0,0,0,0,0,0,0,0,0,0,0,0,1,0,0,0,0,1,0,0,0,0,0,0,1
152,Who is the youngest Darts player?,1,,“…Œ æ‰,Who,WP,NN,0,0,0,0,0,0,0,0,0,1,0,0,0,0,0,0,0,0,0,0,0,0,0,0,1,1,0,0,0,0,0,0,0,0,0,1,1,1
153,Give me all animals that are extinct.,0,,≥¬ ˆæ‰,VB,VB,NNS,0,0,0,0,0,0,0,0,0,0,0,0,0,0,0,1,0,0,1,0,0,0,0,0,0,0,0,0,0,0,0,0,0,0,0,1,0,0
154,How many pages does War and Peace have?,0,"[""[advmod£∫<--]-->[amod£∫<--]""]",“…Œ æ‰,How,WRB,NNS,0,0,0,0,0,0,0,0,0,0,0,0,0,0,0,1,0,0,0,0,0,0,0,0,1,0,0,0,0,0,0,0,0,0,0,0,0,0
155,Which ingredients do I need for carrot cake?,1,,“…Œ æ‰,Which,WDT,NNS,0,0,0,0,0,0,0,0,0,0,0,0,0,0,0,1,0,0,0,0,0,0,0,0,0,0,0,0,0,0,0,0,0,0,0,1,0,0
156,What is the most frequent death cause?,1,,“…Œ æ‰,What,WP,NN,0,0,0,0,0,0,0,0,0,0,0,0,0,0,0,0,0,0,0,0,0,0,0,0,1,0,0,0,0,0,0,0,0,0,0,1,1,1
157,Who has Tom Cruise been married to?,0,,“…Œ æ‰,Who,WP,WP,0,0,0,0,0,1,0,0,0,0,0,0,0,0,0,0,0,0,0,0,0,0,0,1,0,0,0,0,0,0,0,0,0,0,0,0,0,0
158,Who is the tallest player of the Atlanta Falcons?,1,,“…Œ æ‰,Who,WP,NN,0,0,0,0,0,0,0,0,0,1,0,0,0,0,0,0,0,0,0,0,0,0,0,0,1,1,0,0,0,0,0,1,0,0,0,1,0,1
159,What is the bridge with the longest span?,1,,“…Œ æ‰,What,WP,NN,0,0,0,0,0,0,0,0,0,0,0,0,0,0,0,0,0,0,0,0,0,0,0,0,0,0,0,0,0,0,0,1,0,0,0,1,0,1
160,Give me all films produced by Steven Spielberg with a budget of at least $80 million.,0,,≥¬ ˆæ‰,VB,VB,NNS,0,0,0,0,0,0,0,0,0,0,0,0,0,0,0,1,1,0,0,0,0,0,0,0,0,0,0,0,0,0,0,0,0,0,0,1,0,0
161,Which actor was casted in the most movies?,1,,“…Œ æ‰,Which,WDT,NN,0,0,0,0,0,0,0,0,0,0,0,0,0,0,0,0,0,0,0,0,0,1,0,0,0,0,0,0,0,0,0,0,0,0,0,1,0,0
162,Where was Bach born?,0,,“…Œ æ‰,Where,WRB,WRB,0,0,0,0,0,0,0,0,0,0,0,0,0,0,0,0,0,0,0,0,0,0,0,0,0,0,0,0,0,0,1,0,0,0,0,0,0,0
163,Which of Tim Burton's films had the highest budget?,1,,“…Œ æ‰,Which,WDT,NNS,0,0,0,0,0,0,0,0,0,0,0,0,0,0,0,0,0,0,0,0,0,0,0,1,0,0,0,0,0,0,0,1,0,0,0,0,0,0
164,Who are the four youngest MVP basketball players?,1,,“…Œ æ‰,Who,WP,NNS,1,0,0,0,0,0,0,0,0,0,0,0,0,0,0,0,0,0,0,0,0,0,0,0,1,0,0,0,0,0,0,0,0,0,0,1,1,1
165,What are the top-10 action role-playing video games according to IGN?,0,"[""[acl£∫-->]-->[obj£∫-->]""]",“…Œ æ‰,What,WP,NNS,0,0,0,0,0,0,0,0,0,0,0,0,0,0,0,1,0,0,0,0,0,0,0,0,0,0,0,0,0,0,0,0,0,0,0,1,1,0
166,Give me all actors who were born in Berlin.,0,"[""[nsubj:pass£∫<--]-->[acl:relcl£∫<--]""]",≥¬ ˆæ‰,who,WP,NNS,0,0,0,0,0,0,0,0,0,0,0,0,0,0,0,1,0,0,1,0,0,0,0,0,0,0,0,0,0,0,0,0,0,0,0,1,0,0
167,Give me all actors who were born in Paris after 1950.,0,"[""[nsubj:pass£∫<--]-->[acl:relcl£∫<--]""]",≥¬ ˆæ‰,who,WP,NNS,0,0,0,0,0,0,0,0,0,0,0,0,0,0,0,1,0,0,1,0,0,0,0,0,0,0,0,0,0,0,0,0,0,0,0,1,0,0
168,What was Brazil's lowest rank in the FIFA World Ranking?,1,,“…Œ æ‰,What,WP,NN,0,0,0,0,0,0,0,0,0,0,0,0,0,0,0,0,0,0,0,0,0,0,0,0,1,0,0,0,0,0,0,1,0,0,0,0,0,1
169,Give me all Australian metalcore bands.,0,,≥¬ ˆæ‰,VB,VB,NNS,0,0,0,0,0,0,0,0,0,0,0,0,0,0,0,1,0,0,0,0,0,0,0,0,1,0,0,0,0,0,0,0,0,0,0,1,1,0
170,When is Halloween?,0,,“…Œ æ‰,When,WRB,WRB,0,0,0,0,0,0,0,0,0,1,0,0,0,0,0,0,0,0,0,0,0,0,0,0,0,1,0,0,0,0,0,0,0,0,0,0,0,1
171,How many inhabitants does the largest city in Canada have?,0,"[""[advmod£∫<--]-->[amod£∫<--]""]",“…Œ æ‰,How,WRB,NNS,0,0,0,0,0,0,0,0,0,0,0,0,0,0,0,0,0,0,0,0,0,0,0,0,1,0,0,0,0,0,0,0,0,0,0,0,0,1
172,In which countries can you pay using the West African CFA franc?,1,,“…Œ æ‰,which,WDT,NNS,0,0,0,0,0,1,0,0,0,0,0,0,0,0,0,0,0,0,0,0,0,0,0,1,0,0,0,0,0,0,0,0,0,0,0,1,0,0
173,Give me the capitals of all countries that the Himalayas run through.,0,,≥¬ ˆæ‰,VB,VB,NNS,0,0,0,0,0,0,0,0,0,0,0,0,0,0,0,1,0,0,0,0,0,0,0,0,0,0,0,0,0,0,0,1,0,0,0,1,0,0
174,Who was the first to climb Mount Everest?,0,,“…Œ æ‰,Who,WP,WP,0,0,0,0,0,0,0,0,0,0,0,0,0,0,0,0,0,0,0,0,0,0,0,0,0,0,0,0,0,0,0,0,0,0,0,0,0,1
175,To which artistic movement did the painter of The Three Dancers belong?,0,"[""[obl£∫<--]-->[nsubj£∫-->]""]",“…Œ æ‰,which,WDT,NN,0,0,0,0,0,0,0,0,0,0,0,0,0,0,0,0,0,0,0,0,0,0,0,0,1,0,0,0,0,0,0,0,0,0,0,0,0,1
176,Which pope succeeded John Paul II?,1,,“…Œ æ‰,Which,WDT,NN,0,0,0,0,0,0,0,0,0,0,0,0,0,0,0,0,0,0,0,0,0,0,0,0,0,0,0,0,0,0,0,0,0,0,0,1,0,1
177,What was the last movie with Alec Guinness?,1,,“…Œ æ‰,What,WP,NN,0,0,0,0,0,0,0,0,0,0,0,0,0,0,0,0,0,0,0,0,0,0,0,0,1,0,0,0,0,0,0,1,0,0,0,1,0,1
178,How many James Bond movies are there?,0,"[""[advmod£∫<--]-->[amod£∫<--]""]",“…Œ æ‰,How,WRB,NNS,0,0,0,0,0,0,0,0,0,0,0,0,0,0,0,0,0,0,0,0,0,0,0,0,1,0,0,0,0,0,0,0,0,0,0,0,1,1
179,Which actor played Chewbacca?,1,,“…Œ æ‰,Which,WDT,NN,0,0,0,0,0,0,0,0,0,0,0,0,0,0,0,0,0,0,0,0,0,0,0,0,0,0,0,0,0,0,0,0,0,0,0,1,0,1
180,Give me the grandchildren of Bruce Lee.,0,,≥¬ ˆæ‰,VB,VB,NNS,0,0,0,0,0,0,0,0,0,0,0,0,0,0,0,1,0,0,0,0,0,0,0,0,0,0,0,0,0,0,0,1,0,0,0,1,0,0
181,Give me all writers that won the Nobel Prize in literature.,0,,≥¬ ˆæ‰,VB,VB,NNS,0,0,0,0,0,0,0,0,0,0,0,0,0,0,0,1,0,0,1,0,0,0,0,0,0,0,0,0,0,0,0,0,0,0,0,1,0,0
182,What is the official color of the University of Oxford?,1,,“…Œ æ‰,What,WP,NN,0,0,0,0,0,0,0,0,0,0,0,0,0,0,0,0,0,0,0,0,0,0,0,0,1,0,0,0,0,0,0,1,0,0,0,1,0,1
183,Give me all Swedish oceanographers.,0,,≥¬ ˆæ‰,VB,VB,NNS,0,0,0,0,0,0,0,0,0,0,0,0,0,0,0,1,0,0,0,0,0,0,0,0,1,0,0,0,0,0,0,0,0,0,0,1,0,0
184,How deep is Lake Placid?,1,,“…Œ æ‰,How,WRB,JJ,0,0,0,0,0,0,0,0,0,1,0,0,0,0,0,0,0,0,0,0,0,0,0,0,0,1,0,0,0,0,1,0,0,0,0,0,0,1
185,Which spaceflights were launched from Baikonur?,1,,“…Œ æ‰,Which,WDT,NNS,0,0,0,0,0,0,0,0,0,0,0,0,0,0,0,0,0,0,0,0,0,1,0,0,0,0,0,0,0,0,0,0,0,0,0,1,0,0
186,Give me all actors called Baldwin.,0,,≥¬ ˆæ‰,VB,VB,NNS,0,0,0,0,0,0,0,0,0,0,0,0,0,0,0,1,1,0,0,0,0,0,0,0,0,0,0,0,0,0,0,0,0,0,0,1,0,0
187,What does CPU stand for?,0,,“…Œ æ‰,What,WP,WP,0,0,0,0,0,1,0,0,0,0,0,0,0,0,0,0,0,0,0,0,0,0,0,1,0,0,0,0,0,0,0,0,0,0,0,0,0,0
188,In which studio did the Beatles record their first album?,1,,“…Œ æ‰,which,WDT,NN,0,0,0,0,0,0,0,0,0,0,0,0,0,0,0,0,0,0,0,0,0,0,0,0,0,0,0,0,0,0,0,0,0,0,0,1,0,1
189,How many gold medals did Michael Phelps win at the 2008 Olympics?,0,"[""[advmod£∫<--]-->[amod£∫<--]""]",“…Œ æ‰,How,WRB,NNS,0,0,0,0,0,0,0,0,0,0,0,0,0,0,0,1,0,0,0,0,0,0,0,0,1,0,0,0,0,0,0,0,0,0,0,0,1,0
190,Give me all ESA astronauts.,0,,≥¬ ˆæ‰,VB,VB,NNS,0,0,0,0,0,0,0,0,0,0,0,0,0,0,0,1,0,0,0,0,0,0,0,0,0,0,0,0,0,0,0,0,0,0,0,1,1,0
191,Give me all Swedish holidays.,0,,≥¬ ˆæ‰,VB,VB,NNS,0,0,0,0,0,0,0,0,0,0,0,0,0,0,0,1,0,0,0,0,0,0,0,0,1,0,0,0,0,0,0,0,0,0,0,1,0,0
192,Who is the youngest Pulitzer Prize winner?,1,,“…Œ æ‰,Who,WP,NN,0,0,0,0,0,0,0,0,0,0,0,0,0,0,0,0,0,0,0,0,0,0,0,0,1,0,0,0,0,0,0,0,0,0,0,1,1,1
193,Which animals are critically endangered?,1,,“…Œ æ‰,Which,WDT,NNS,0,0,0,0,0,0,0,0,0,0,0,0,0,0,0,0,0,0,0,0,0,0,0,0,0,0,0,0,0,0,0,0,0,0,0,1,0,1
194,Which soccer players were born on Malta?,1,,“…Œ æ‰,Which,WDT,NNS,0,0,0,0,0,0,0,0,0,0,0,0,0,0,0,0,0,0,0,0,0,1,0,0,0,0,0,0,0,0,0,0,0,0,0,1,1,0
195,Which programming languages were influenced by Perl?,1,,“…Œ æ‰,Which,WDT,NNS,0,0,0,0,0,0,0,0,0,0,0,0,0,0,0,0,0,0,0,0,0,1,0,0,0,0,0,0,0,0,0,0,0,0,0,1,1,0
196,How many children does Eddie Murphy have?,0,"[""[advmod£∫<--]-->[amod£∫<--]""]",“…Œ æ‰,How,WRB,NNS,0,0,0,0,0,0,0,0,0,0,0,0,0,0,0,1,0,0,0,0,0,0,0,0,1,0,0,0,0,0,0,0,0,0,0,0,0,0
197,Who is the oldest child of Meryl Streep?,1,,“…Œ æ‰,Who,WP,NN,0,0,0,0,0,0,0,0,0,1,0,0,0,0,0,0,0,0,0,0,0,0,0,0,1,1,0,0,0,0,0,1,0,0,0,1,0,1
198,Who killed John Lennon?,0,,“…Œ æ‰,Who,WP,WP,0,0,0,0,0,0,0,0,0,0,0,0,0,0,0,0,0,0,0,0,0,0,0,0,0,0,0,0,0,0,0,0,0,0,0,0,0,1
199,In which city is Air China headquartered?,1,,“…Œ æ‰,which,WDT,NN,0,0,0,0,0,0,0,0,0,0,0,0,0,0,0,0,0,0,0,0,0,0,0,1,0,0,0,0,0,0,0,0,0,0,0,1,0,1
200,Which frequent flyer program has the most airlines?,1,,“…Œ æ‰,Which,WDT,NN,0,0,0,0,0,0,0,0,0,0,0,0,0,0,0,0,0,0,0,0,0,0,0,0,1,0,0,0,0,0,0,0,0,0,0,1,1,1
201,Which artists were born on the same date as Rachel Stevens?,1,,“…Œ æ‰,Which,WDT,NNS,0,0,0,0,0,0,0,0,0,0,0,0,0,0,0,0,0,0,0,0,0,1,0,0,0,0,0,0,0,0,0,0,0,0,0,1,0,0
202,How many scientists graduated from an Ivy League university?,0,"[""[advmod£∫<--]-->[amod£∫<--]""]",“…Œ æ‰,How,WRB,NNS,0,0,0,0,0,0,0,0,0,0,0,0,0,0,0,0,0,0,0,0,0,0,0,0,1,0,0,0,0,0,0,0,0,0,0,0,0,1
203,Which types of grapes grow in Oregon?,0,"[""[det£∫<--]-->[nmod£∫-->]""]",“…Œ æ‰,Which,WDT,NNS,0,0,0,0,0,0,0,0,0,0,0,0,0,0,0,0,0,0,0,0,0,0,0,1,0,0,0,0,0,0,0,1,0,0,0,0,0,0
204,Who is starring in Spanish movies produced by Benicio del Toro?,0,,“…Œ æ‰,Who,WP,WP,0,0,0,0,0,0,0,0,0,0,0,0,0,0,0,0,0,0,0,0,0,0,0,0,0,0,0,0,0,0,0,0,0,0,0,0,0,1
205,Who is the manager of Real Madrid?,1,,“…Œ æ‰,Who,WP,NN,0,0,0,0,0,0,0,0,0,1,0,0,0,0,0,0,0,0,0,0,0,0,0,0,0,1,0,0,0,0,0,1,0,0,0,1,0,1
206,Give me the currency of China.,0,,≥¬ ˆæ‰,VB,VB,NN,0,0,0,0,0,0,0,0,0,0,0,0,0,0,0,1,0,0,0,0,0,0,0,0,0,0,0,0,0,0,0,1,0,0,0,1,0,0
207,Which movies starring Brad Pitt were directed by Guy Ritchie?,1,,“…Œ æ‰,Which,WDT,NNS,0,0,0,0,0,0,0,0,0,0,0,0,0,0,0,0,1,0,0,0,0,1,0,0,0,0,0,0,0,0,0,0,0,0,0,1,0,0
208,How many companies were founded by the founder of Facebook?,0,"[""[advmod£∫<--]-->[amod£∫<--]""]",“…Œ æ‰,How,WRB,NNS,0,0,0,0,0,0,0,0,0,0,0,0,0,0,0,0,0,0,0,0,0,1,0,0,1,0,0,0,0,0,0,0,0,0,0,0,0,0
209,How many companies were founded in the same year as Google?,0,"[""[advmod£∫<--]-->[amod£∫<--]""]",“…Œ æ‰,How,WRB,NNS,0,0,0,0,0,0,0,0,0,0,0,0,0,0,0,0,0,0,0,0,0,1,0,0,1,0,0,0,0,0,0,0,0,0,0,0,0,0
210,Which subsidiary of Lufthansa serves both Dortmund and Berlin Tegel?,1,,“…Œ æ‰,Which,WDT,NN,0,0,0,0,0,0,0,0,0,0,0,0,0,0,0,0,0,0,0,0,0,0,0,0,0,0,0,0,0,0,0,1,0,0,0,1,0,1
211,How many airlines are members of the Star Alliance?,0,"[""[advmod£∫<--]-->[amod£∫<--]""]",“…Œ æ‰,How,WRB,NNS,0,0,0,0,0,0,0,0,0,0,0,0,0,0,0,0,0,0,0,0,0,0,0,0,1,0,0,0,0,0,0,0,0,0,0,0,0,1
212,Give me all spacecrafts that flew to Mars.,0,,≥¬ ˆæ‰,VB,VB,NNS,0,0,0,0,0,0,0,0,0,0,0,0,0,0,0,1,0,0,1,0,0,0,0,0,0,0,0,0,0,0,0,0,0,0,0,1,0,0
213,Which musician wrote the most books?,1,,“…Œ æ‰,Which,WDT,NN,0,0,0,0,0,0,0,0,0,0,0,0,0,0,0,0,0,0,0,0,0,0,0,0,0,0,0,0,0,0,0,0,0,0,0,1,0,1
214,Show me everyone who was born on Halloween.,0,"[""[nsubj:pass£∫<--]-->[acl:relcl£∫<--]""]",≥¬ ˆæ‰,who,WP,NN,0,0,0,0,0,0,0,0,0,0,0,0,0,0,0,1,0,0,1,0,0,0,0,0,0,0,0,0,0,0,0,0,0,0,0,0,0,0
215,Give me all Swiss non-profit organizations.,0,,≥¬ ˆæ‰,VB,VB,NNS,0,0,0,0,0,0,0,0,0,0,0,0,0,0,0,1,0,0,0,0,0,0,0,0,1,0,0,0,0,0,0,0,0,0,0,1,0,0
216,In which country is Mecca located?,1,,“…Œ æ‰,which,WDT,NN,0,0,0,0,0,0,0,0,0,0,0,0,0,0,0,0,0,0,1,0,0,0,0,1,0,1,0,0,0,0,0,0,0,0,0,1,0,0
217,What is the net income of Apple?,1,,“…Œ æ‰,What,WP,NN,0,0,0,0,0,0,0,0,0,0,0,0,0,0,0,0,0,0,0,0,0,0,0,0,0,0,0,0,0,0,0,1,0,0,0,1,1,1
218,What does the abbreviation FIFA stand for?,0,,“…Œ æ‰,What,WP,WP,0,0,0,0,0,1,0,0,0,0,0,0,0,0,0,0,0,0,0,0,0,0,0,1,0,0,0,0,0,0,0,0,0,0,0,0,0,0
219,When did the Ming dynasty dissolve?,0,,“…Œ æ‰,When,WRB,WRB,0,0,0,0,0,0,0,0,0,0,0,0,0,0,0,0,0,0,0,0,0,0,0,0,0,0,0,0,0,0,1,0,0,0,0,0,0,0
220,Which museum in New York has the most visitors?,1,,“…Œ æ‰,Which,WDT,NN,0,0,0,0,0,0,0,0,0,0,0,0,0,0,0,0,0,0,0,0,0,0,0,0,0,0,0,0,0,0,0,1,0,0,0,1,0,1
221,esserts from which country contain fish?,0,"[""[obl£∫<--]-->[nsubj£∫-->]""]",“…Œ æ‰,which,WDT,NN,0,0,0,0,0,0,0,0,0,0,0,0,0,0,0,0,0,0,0,0,0,0,0,0,0,0,0,0,0,0,0,0,0,0,0,0,0,1
222,What is the highest mountain in Italy?,1,,“…Œ æ‰,What,WP,NN,0,0,0,0,0,0,0,0,0,0,0,0,0,0,0,0,0,0,0,0,0,0,0,0,1,0,0,0,0,0,0,1,0,0,0,1,0,1
223,Where did the architect of the Eiffel Tower study?,0,"[""[advmod£∫<--]-->[nsubj£∫-->]""]",“…Œ æ‰,Where,WRB,NN,0,0,0,0,0,0,0,0,0,0,0,0,0,0,0,0,0,0,0,0,0,0,0,0,0,0,0,0,0,0,0,1,0,0,0,1,0,1
224,Which Greek parties are pro-European?,1,,“…Œ æ‰,Which,WDT,NNS,0,0,0,0,0,0,0,0,0,0,0,0,0,0,0,0,0,0,0,0,0,0,0,0,1,0,0,0,0,0,0,0,0,0,0,1,0,1
225,What is the height difference between Mount Everest and K2?,1,,“…Œ æ‰,What,WP,NN,0,0,0,0,0,0,0,0,0,0,0,0,0,0,0,0,0,0,0,0,0,0,0,0,0,0,0,0,0,0,0,1,0,0,0,1,1,1
226,Who is the mayor of Rotterdam?,1,,“…Œ æ‰,Who,WP,NN,0,0,0,0,0,0,0,0,0,1,0,0,0,0,0,0,0,0,0,0,0,0,0,0,0,1,0,0,0,0,0,1,0,0,0,1,0,1
227,In which city were the parents of Che Guevara born?,0,"[""[det£∫<--]-->[obl£∫<--]-->[nsubj£∫-->]""]",“…Œ æ‰,which,WDT,NNS,0,0,0,0,0,0,0,0,0,0,0,0,0,0,0,0,1,0,0,0,0,0,0,0,0,0,0,0,0,0,0,1,0,0,0,1,0,1
228,How high is the Yokohama Marine Tower?,1,,“…Œ æ‰,How,WRB,JJ,0,0,0,0,0,0,0,0,0,1,0,0,0,0,0,0,0,0,0,0,0,0,0,0,0,1,0,0,0,0,1,0,0,0,0,0,0,1
229,How many ethnic groups live in Slovenia?,0,"[""[advmod£∫<--]-->[amod£∫<--]-->[amod£∫-->]""]",“…Œ æ‰,How,WRB,JJ,0,0,0,0,0,0,0,0,0,0,0,0,0,0,0,0,0,0,0,0,0,0,0,0,1,0,0,0,0,0,0,0,0,0,0,0,0,0
230,List the seven kings of Rome.,0,,≥¬ ˆæ‰,VB,VB,NNS,1,0,0,0,0,0,0,0,0,0,0,0,0,0,0,1,0,0,0,0,0,0,0,0,0,0,0,0,0,0,0,1,0,0,0,1,0,0
231,Who were the parents of Queen Victoria?,1,,“…Œ æ‰,Who,WP,NNS,0,0,0,0,0,0,0,0,0,1,0,0,0,0,0,0,0,0,0,0,0,0,0,0,0,1,0,0,0,0,0,1,0,0,0,1,0,1
232,Who is the heaviest player of the Chicago Bulls?,1,,“…Œ æ‰,Who,WP,NN,0,0,0,0,0,0,0,0,0,1,0,0,0,0,0,0,0,0,0,0,0,0,0,0,1,1,0,0,0,0,0,1,0,0,0,1,0,1
233,Which volcanos in Japan erupted since 2000?,1,,“…Œ æ‰,Which,WDT,NNS,0,0,0,0,0,0,0,0,0,0,0,0,0,0,0,0,0,0,0,0,0,0,0,0,0,0,0,0,0,0,0,1,0,0,0,1,0,1
234,Who is the tallest basketball player?,1,,“…Œ æ‰,Who,WP,NN,0,0,0,0,0,0,0,0,0,1,0,0,0,0,0,0,0,0,0,0,0,0,0,0,1,1,0,0,0,0,0,0,0,0,0,1,1,1
235,"Where was the ""Father of Singapore"" born?",0,,“…Œ æ‰,Where,WRB,WRB,0,0,0,0,0,0,0,0,0,1,0,0,0,0,0,0,0,0,0,0,0,0,0,0,0,1,0,0,0,1,0,0,0,0,0,0,0,0
236,Which Secretary of State was significantly involved in the United States' dominance of the Caribbean?,1,,“…Œ æ‰,Which,WDT,NNP,0,0,0,0,0,0,0,0,0,0,0,0,0,0,0,0,0,0,0,0,0,0,0,0,0,0,0,0,0,0,0,1,0,0,0,1,0,1
237,Who is the architect of the tallest building in Japan?,1,,“…Œ æ‰,Who,WP,NN,0,0,0,0,0,0,0,0,0,1,0,0,0,0,0,0,0,0,0,0,0,0,0,0,0,1,0,0,0,0,0,1,0,0,0,1,0,1
238,What is the name of the Viennese newspaper founded by the creator of the croissant?,1,,“…Œ æ‰,What,WP,NN,0,0,0,0,0,0,0,0,0,0,0,0,0,0,0,0,0,0,0,0,0,0,0,0,0,0,0,0,0,0,0,1,0,0,0,1,0,1
239,In which city where Charlie Chaplin's half brothers born?,1,,“…Œ æ‰,which,WDT,NN,0,0,0,0,0,0,0,0,0,0,0,0,0,0,0,0,0,0,1,0,0,0,0,1,0,1,0,0,0,0,0,0,0,0,0,1,0,0
240,Which German mathematicians were members of the von Braun rocket group?,0,"[""[det£∫<--]-->[nsubj£∫<--]""]",“…Œ æ‰,Which,WDT,NNS,0,0,0,0,0,0,0,0,0,1,0,0,0,0,0,0,0,0,0,0,0,0,0,0,0,1,0,0,0,0,0,1,0,0,0,0,0,1
241,Which writers converted to Islam?,1,,“…Œ æ‰,Which,WDT,NNS,0,0,0,0,0,0,0,0,0,0,0,0,0,0,0,0,0,0,0,0,0,0,0,0,0,0,0,0,0,0,0,0,0,0,0,1,0,1
242,Which movie by the Coen brothers stars John Turturro in the role of a New York City playwright?,1,,“…Œ æ‰,Which,WDT,NN,0,0,0,0,0,0,0,0,0,0,0,0,0,0,0,0,0,0,0,0,0,0,0,0,0,0,0,0,0,0,0,1,0,0,0,1,0,1
243,Which of the volcanoes that erupted in 1550 is still active?,1,,“…Œ æ‰,Which,WDT,NNS,0,0,0,0,0,0,0,0,0,0,0,0,0,0,0,0,0,0,1,0,0,0,0,1,0,0,0,0,0,0,0,1,0,0,0,1,0,0
244,Who was the doctoral supervisor of Albert Einstein?,1,,“…Œ æ‰,Who,WP,NN,0,0,0,0,0,0,0,0,0,1,0,0,0,0,0,0,0,0,0,0,0,0,0,0,1,1,0,0,0,0,0,1,0,0,0,1,0,1
245,Who wrote the song Hotel California?,0,,“…Œ æ‰,Who,WP,WP,0,0,0,0,0,0,0,0,0,0,0,0,0,0,0,0,0,0,0,0,0,0,0,0,0,0,0,0,0,0,0,0,0,0,0,0,0,1
246,Who was on the Apollo 11 mission?,0,"[""[nsubj£∫<--]-->[cop£∫<--]""]",“…Œ æ‰,Who,WP,NN,0,0,0,0,0,0,0,0,0,1,0,0,0,0,0,0,0,0,0,0,0,0,0,1,0,1,0,0,0,0,0,0,0,0,0,1,1,0
247,Which electronics companies were founded in Beijing?,1,,“…Œ æ‰,Which,WDT,NNS,0,0,0,0,0,0,0,0,0,0,0,0,0,0,0,0,0,0,0,0,0,1,0,0,0,0,0,0,0,0,0,0,0,0,0,1,1,0
248,What is in a chocolate chip cookie?,0,"[""[nsubj£∫<--]-->[obl£∫-->]""]",“…Œ æ‰,What,WP,NN,0,0,0,0,0,1,0,0,0,0,0,0,0,0,0,0,0,0,0,0,0,0,0,1,0,0,0,0,0,0,0,0,0,0,0,1,1,0
249,What is the atmosphere of the Moon composed of?,1,,“…Œ æ‰,What,WP,NN,0,0,0,0,0,0,0,0,0,0,0,0,0,0,0,0,0,0,0,0,0,0,0,0,0,0,0,0,0,0,0,1,0,0,0,1,0,1
250,How many movies did Park Chan-wook direct?,0,"[""[advmod£∫<--]-->[amod£∫<--]""]",“…Œ æ‰,How,WRB,NNS,0,0,0,0,0,0,0,0,0,0,0,0,0,0,0,0,0,0,0,0,0,0,0,0,1,0,0,0,0,0,0,0,0,0,0,0,0,1
251,Who are the developers of DBpedia?,1,,“…Œ æ‰,Who,WP,NNS,0,0,0,0,0,0,0,0,0,0,0,0,0,0,0,0,0,0,0,0,0,0,0,0,0,0,0,0,0,0,0,1,0,0,0,1,0,1
252,Which Indian company has the most employees?,1,,“…Œ æ‰,Which,WDT,NN,0,0,0,0,0,0,0,0,0,0,0,0,0,0,0,0,0,0,0,0,0,0,0,0,1,0,0,0,0,0,0,0,0,0,0,1,0,1
253,What is the name of the school where Obama's wife studied?,1,,“…Œ æ‰,What,WP,NN,0,0,0,0,0,0,0,0,0,0,0,0,0,0,0,0,0,0,0,0,0,0,0,0,0,0,0,0,0,0,0,1,0,0,0,1,0,1
254,Where does Piccadilly start?,0,,“…Œ æ‰,Where,WRB,WRB,0,0,0,0,0,0,0,0,0,0,0,0,0,0,0,0,0,0,0,0,0,0,0,0,0,0,0,0,0,0,1,0,0,0,0,0,0,0
255,What is the capital of Cameroon?,1,,“…Œ æ‰,What,WP,NN,0,0,0,0,0,0,0,0,0,0,0,0,0,0,0,0,0,0,0,0,0,0,0,0,0,0,0,0,0,0,0,1,0,0,0,1,0,1
256,When did the Boston Tea Party take place?,0,,“…Œ æ‰,When,WRB,WRB,0,0,0,0,0,0,0,0,0,0,0,0,0,0,0,0,0,0,0,0,0,0,0,0,0,0,0,0,0,0,1,0,0,0,0,0,0,0
257,Who played Gus Fring in Breaking Bad?,0,,“…Œ æ‰,Who,WP,WP,0,0,0,0,0,0,0,0,0,0,0,0,0,0,0,0,0,0,0,0,0,0,0,0,0,0,0,0,0,0,0,0,0,0,0,0,0,1
258,Who wrote Harry Potter?,0,,“…Œ æ‰,Who,WP,WP,0,0,0,0,0,0,0,0,0,0,0,0,0,0,0,0,0,0,0,0,0,0,0,0,0,0,0,0,0,0,0,0,0,0,0,0,0,1
259,Which actors play in Big Bang Theory?,1,,“…Œ æ‰,Which,WDT,NNS,0,0,0,0,0,0,0,0,0,0,0,0,0,0,0,0,0,0,0,0,0,0,0,0,0,0,0,0,0,0,0,0,0,0,0,1,0,1
260,What is the largest country in the world?,1,,“…Œ æ‰,What,WP,NN,0,0,0,0,0,0,0,0,0,0,0,0,0,0,0,0,0,0,0,0,0,0,0,0,1,0,0,0,0,0,0,1,0,0,0,1,0,1
261,Who is the most powerful Jedi?,1,,“…Œ æ‰,Who,WP,NNP,0,0,0,0,0,0,0,0,0,1,0,0,0,0,0,0,0,0,0,0,0,0,0,0,1,1,0,0,0,0,0,0,0,0,0,1,0,1
262,How many goals did Pel   score?,0,"[""[advmod£∫<--]-->[amod£∫<--]""]",“…Œ æ‰,How,WRB,NNS,0,0,0,0,0,0,0,0,0,0,0,0,0,0,0,1,0,0,0,0,0,0,0,0,1,0,0,0,0,0,0,0,0,0,0,0,0,0
263,Who is the president of Eritrea?,1,,“…Œ æ‰,Who,WP,NN,0,0,0,0,0,0,0,0,0,1,0,0,0,0,0,0,0,0,0,0,0,0,0,0,0,1,0,0,0,0,0,1,0,0,0,1,0,1
264,Which computer scientist won an oscar?,1,,“…Œ æ‰,Which,WDT,NN,0,0,0,0,0,0,0,0,0,0,0,0,0,0,0,0,0,0,0,0,0,0,0,0,0,0,0,0,0,0,0,0,0,0,0,1,1,1
265,Who created Family Guy?,0,,“…Œ æ‰,Who,WP,WP,0,0,0,0,0,0,0,0,0,0,0,0,0,0,0,0,0,0,0,0,0,0,0,0,0,0,0,0,0,0,0,0,0,0,0,0,0,1
266,How many people live in Poland?,0,"[""[advmod£∫<--]-->[amod£∫<--]""]",“…Œ æ‰,How,WRB,NNS,0,0,0,0,0,0,0,0,0,0,0,0,0,0,0,0,0,0,0,0,0,0,0,0,1,0,0,0,0,0,0,0,0,0,0,0,0,1
267,To which party does the mayor of Paris belong?,1,,“…Œ æ‰,which,WDT,NN,0,0,0,0,0,0,0,0,0,0,0,0,0,0,0,0,0,0,0,0,0,0,0,1,0,0,0,0,0,0,0,0,0,0,0,1,0,1
268,Who does the voice of Bart Simpson?,0,,“…Œ æ‰,Who,WP,WP,0,0,0,0,0,0,0,0,0,0,0,0,0,0,0,0,0,0,0,0,0,0,0,0,0,0,0,0,0,0,0,0,0,0,0,0,0,1
269,Who composed the soundtrack for Cameron's Titanic?,0,,“…Œ æ‰,Who,WP,WP,0,0,0,0,0,0,0,0,0,0,0,0,0,0,0,0,0,0,0,0,0,0,0,0,0,0,0,0,0,0,0,0,0,0,0,0,0,1
270,When did Boris Becker end his active career?,0,,“…Œ æ‰,When,WRB,WRB,0,0,0,0,0,0,0,0,0,0,0,0,0,0,0,0,0,0,0,0,0,0,0,0,0,0,0,0,0,0,1,0,0,0,0,0,0,0
271,Show me all basketball players that are higher than 2 meters.,0,,≥¬ ˆæ‰,VB,VB,NNS,0,0,0,0,0,0,0,0,0,0,0,0,0,0,0,1,0,0,1,0,0,0,0,0,0,0,0,0,0,0,0,0,0,0,0,1,1,0
272,What country is Sitecore from?,1,,“…Œ æ‰,What,WDT,NN,0,0,0,0,0,0,0,0,0,0,0,0,0,0,0,0,0,0,0,0,0,0,0,0,0,1,0,0,0,0,0,0,0,0,0,1,0,1
273,Which country was Bill Gates born in?,1,,“…Œ æ‰,Which,WDT,NN,0,0,0,0,0,0,0,0,0,0,0,0,0,0,0,0,0,0,0,0,0,1,0,0,0,0,0,0,0,0,0,0,0,0,0,1,0,0
274,Who developed Slack?,0,,“…Œ æ‰,Who,WP,WP,0,0,0,0,0,0,0,0,0,0,0,0,0,0,0,0,0,0,0,0,0,0,0,0,0,0,0,0,0,0,0,0,0,0,0,0,0,1
275,In which city did Nikos Kazantzakis die?,1,,“…Œ æ‰,which,WDT,NN,0,0,0,0,0,1,0,0,0,0,0,0,0,0,0,0,0,0,0,0,0,0,0,1,0,0,0,0,0,0,0,0,0,0,0,1,0,0
276,How many grand-children did Jacques Cousteau have?,0,"[""[advmod£∫<--]-->[amod£∫<--]""]",“…Œ æ‰,How,WRB,NNS,0,0,0,0,0,0,0,0,0,0,0,1,0,0,0,1,0,0,0,0,0,0,0,0,1,0,0,0,0,0,0,0,0,0,0,0,0,0
277,Which films did Stanley Kubrick direct?,1,,“…Œ æ‰,Which,WDT,NNS,0,0,0,0,0,0,0,0,0,0,0,0,0,0,0,0,0,0,0,0,0,0,0,0,0,0,0,0,0,0,0,0,0,0,0,1,0,1
278,How many seats does the home stadium of FC Porto have?,0,"[""[advmod£∫<--]-->[amod£∫<--]""]",“…Œ æ‰,How,WRB,NNS,0,0,0,0,0,0,0,0,0,0,0,0,0,0,0,1,0,0,0,0,0,0,0,0,1,0,0,0,0,0,0,0,0,0,0,0,0,0
279,Show me all books in Asimov's Foundation series.,0,,≥¬ ˆæ‰,VB,VB,NNS,0,0,0,0,0,0,0,0,0,0,0,0,0,0,0,1,0,0,0,0,0,0,0,0,0,0,0,0,0,0,0,1,0,0,0,1,0,0
280,Which movies star both Liz Taylor and Richard Burton?,1,,“…Œ æ‰,Which,WDT,NNS,0,0,0,0,0,0,0,0,0,0,0,0,0,0,0,0,0,0,0,0,0,0,0,0,0,0,0,0,0,0,0,0,0,0,0,1,0,1
281,In which city are the headquarters of the United Nations?,1,,“…Œ æ‰,which,WDT,NN,0,0,0,0,0,0,0,0,0,0,0,0,0,0,0,0,0,0,0,0,0,0,0,1,0,0,0,0,0,0,0,1,0,0,0,1,0,0
282,In which city was the president of Montenegro born?,1,,“…Œ æ‰,which,WDT,NN,0,0,0,0,0,1,0,0,0,0,0,0,0,0,0,0,0,0,0,0,0,0,0,1,0,0,0,0,0,0,0,0,0,0,0,1,0,0
283,Which writers studied in Istanbul?,1,,“…Œ æ‰,Which,WDT,NNS,0,0,0,0,0,0,0,0,0,0,0,0,0,0,0,0,0,0,0,0,0,0,0,0,0,0,0,0,0,0,0,0,0,0,0,1,0,1
284,Who is the mayor of Paris?,1,,“…Œ æ‰,Who,WP,NN,0,0,0,0,0,0,0,0,0,1,0,0,0,0,0,0,0,0,0,0,0,0,0,0,0,1,0,0,0,0,0,1,0,0,0,1,0,1
285,What is the full name of Prince Charles?,1,,“…Œ æ‰,What,WP,NN,0,0,0,0,0,0,0,0,0,0,0,0,0,0,0,0,0,0,0,0,0,0,0,0,1,0,0,0,0,0,0,1,0,0,0,1,0,1
286,What is the longest river in China?,1,,“…Œ æ‰,What,WP,NN,0,0,0,0,0,0,0,0,0,0,0,0,0,0,0,0,0,0,0,0,0,0,0,0,1,0,0,0,0,0,0,1,0,0,0,1,0,1
287,Who discovered Ceres?,0,,“…Œ æ‰,Who,WP,WP,0,0,0,0,0,0,0,0,0,0,0,0,0,0,0,0,0,0,0,0,0,0,0,0,0,0,0,0,0,0,0,0,0,0,0,0,0,1
288,When did princess Diana die?,0,,“…Œ æ‰,When,WRB,WRB,0,0,0,0,0,0,0,0,0,0,0,0,0,0,0,0,0,0,0,0,0,0,0,0,0,0,0,0,0,0,1,0,0,0,0,0,0,0
289,What do ants eat?,0,"[""[obj£∫<--]-->[nsubj£∫-->]""]",“…Œ æ‰,What,WP,NNS,0,0,0,0,0,0,0,0,0,0,0,0,0,0,0,0,0,0,0,0,0,0,0,0,0,0,0,0,0,0,0,0,0,0,0,0,0,1
290,Who is the host of the BBC Wildlife Specials?,1,,“…Œ æ‰,Who,WP,NN,0,0,0,0,0,0,0,0,0,1,0,0,0,0,0,0,0,0,0,0,0,0,0,0,0,1,0,0,0,0,0,1,0,0,0,1,0,1
291,How many moons does Mars have?,0,"[""[advmod£∫<--]-->[amod£∫<--]""]",“…Œ æ‰,How,WRB,NNS,0,0,0,0,0,0,0,0,0,0,0,0,0,0,0,1,0,0,0,0,0,0,0,0,1,0,0,0,0,0,0,0,0,0,0,0,0,0
292,What was the first Queen album?,1,,“…Œ æ‰,What,WP,NN,0,0,0,0,0,0,0,0,0,0,0,0,0,0,0,0,0,0,0,0,0,0,0,0,1,0,0,0,0,0,0,0,0,0,0,1,1,1
293,Give me a list of all Canadians that reside in the U.S.,0,,≥¬ ˆæ‰,VB,VB,NN,0,0,0,0,0,0,0,0,0,0,0,0,0,0,0,1,0,0,0,0,0,0,0,0,0,0,0,0,0,0,0,1,0,0,0,1,0,0
294,Where is Syngman Rhee buried?,0,,“…Œ æ‰,Where,WRB,WRB,0,0,0,0,0,0,0,0,0,0,0,0,0,0,0,0,0,0,0,0,0,0,0,0,0,0,0,0,0,0,1,0,0,0,0,0,0,0
295,In which countries do people speak Japanese?,1,,“…Œ æ‰,which,WDT,NNS,0,0,0,0,0,1,0,0,0,0,0,0,0,0,0,0,0,0,0,0,0,0,0,1,0,0,0,0,0,0,0,0,0,0,0,1,0,0
296,Who is the king of the Netherlands?,1,,“…Œ æ‰,Who,WP,NN,0,0,0,0,0,0,0,0,0,1,0,0,0,0,0,0,0,0,0,0,0,0,0,0,0,1,0,0,0,0,0,1,0,0,0,1,0,1
297,When did the Dodo become extinct?,0,,“…Œ æ‰,When,WRB,WRB,0,0,0,0,0,0,0,0,0,0,0,0,0,0,0,0,0,0,0,0,0,0,0,0,0,0,0,0,0,0,1,0,0,0,0,0,0,0
298,Show me all Czech movies.,0,,≥¬ ˆæ‰,VB,VB,NNS,0,0,0,0,0,0,0,0,0,0,0,0,0,0,0,1,0,0,0,0,0,0,0,0,1,0,0,0,0,0,0,0,0,0,0,1,0,0
299,Which rivers flow into the North Sea?,1,,“…Œ æ‰,Which,WDT,NNS,0,0,0,0,0,0,0,0,0,0,0,0,0,0,0,0,0,0,0,0,0,0,0,0,0,0,0,0,0,0,0,0,0,0,0,1,0,1
300,When did Operation Overlord commence?,0,,“…Œ æ‰,When,WRB,WRB,0,0,0,0,0,0,0,0,0,0,0,0,0,0,0,0,0,0,0,0,0,0,0,0,0,0,0,0,0,0,1,0,0,0,0,0,0,0
301,Where do the Red Sox play?,0,,“…Œ æ‰,Where,WRB,WRB,0,0,0,0,0,0,0,0,0,0,0,0,0,0,0,0,0,0,0,0,0,0,0,0,0,0,0,0,0,0,1,0,0,0,0,0,0,0
302,In which time zone is Rome?,1,,“…Œ æ‰,which,WDT,NN,0,0,0,0,0,0,0,0,0,0,0,0,0,0,0,0,0,0,0,0,0,0,0,1,0,0,0,0,0,0,0,0,0,0,0,1,1,1
303,Give me a list of all critically endangered birds.,0,,≥¬ ˆæ‰,VB,VB,NN,0,0,0,0,0,0,0,0,0,0,0,0,0,0,0,1,0,0,0,0,0,0,0,0,0,0,0,0,0,0,0,1,0,0,0,1,0,0
304,How much did the Lego Movie cost?,0,"[""[advmod£∫<--]-->[advmod£∫<--]""]",“…Œ æ‰,How,WRB,VB,0,0,0,0,0,0,0,0,0,0,0,0,0,0,0,0,0,0,0,0,0,0,0,0,0,0,0,0,0,0,0,0,0,0,0,0,0,0
305,What was the original occupation of the inventor of Lego?,1,,“…Œ æ‰,What,WP,NN,0,0,0,0,0,0,0,0,0,0,0,0,0,0,0,0,0,0,0,0,0,0,0,0,1,0,0,0,0,0,0,1,0,0,0,1,0,1
306,Which countries have more than ten volcanoes?,1,,“…Œ æ‰,Which,WDT,NNS,0,0,0,0,0,0,0,0,0,0,0,0,0,0,0,0,0,0,0,0,0,0,0,0,0,0,0,0,0,0,0,0,0,0,0,1,0,1
307,Show me all U.S. states.,0,,≥¬ ˆæ‰,VB,VB,NNS,0,0,0,0,0,0,0,0,0,0,0,0,0,0,0,1,0,0,0,0,0,0,0,0,0,0,0,0,0,0,0,0,0,0,0,1,1,0
308,Who wrote the Game of Thrones theme?,0,,“…Œ æ‰,Who,WP,WP,0,0,0,0,0,0,0,0,0,0,0,0,0,0,0,0,0,0,0,0,0,0,0,0,0,0,0,0,0,0,0,0,0,0,0,0,0,1
309,How many calories does a baguette have?,0,"[""[advmod£∫<--]-->[amod£∫<--]""]",“…Œ æ‰,How,WRB,NNS,0,0,0,0,0,0,0,0,0,0,0,0,0,0,0,0,0,0,0,0,0,0,0,0,1,0,0,0,0,0,0,0,0,0,0,0,0,1
310,Which companies produce hovercrafts?,1,,“…Œ æ‰,Which,WDT,NNS,0,0,0,0,0,0,0,0,0,0,0,0,0,0,0,0,0,0,0,0,0,0,0,0,0,0,0,0,0,0,0,0,0,0,0,1,0,1
311,How many emperors did China have?,0,"[""[advmod£∫<--]-->[amod£∫<--]""]",“…Œ æ‰,How,WRB,NNS,0,0,0,0,0,0,0,0,0,0,0,0,0,0,0,1,0,0,0,0,0,0,0,0,1,0,0,0,0,0,0,0,0,0,0,0,0,0
312,Show me hiking trails in the Grand Canyon where there's no danger of flash floods.,0,"[""[advmod£∫<--]-->[advcl£∫<--]-->[obj£∫-->]""]",≥¬ ˆæ‰,where,WRB,NNS,0,0,0,0,0,0,0,0,0,0,0,0,0,0,0,1,0,0,0,0,0,0,0,0,0,0,0,0,0,0,0,1,0,0,0,0,1,0
313,In which ancient empire could you pay with cocoa beans?,1,,“…Œ æ‰,which,WDT,NN,0,0,0,0,0,1,0,0,0,0,0,0,0,0,0,0,0,0,0,0,0,0,0,1,1,0,0,0,0,0,0,0,0,0,0,1,0,0
314,How did Michael Jackson die?,0,,“…Œ æ‰,How,WRB,WRB,0,0,0,0,0,0,0,0,0,0,0,0,0,0,0,0,0,0,0,0,0,0,0,0,0,0,0,0,0,0,1,0,0,0,0,0,0,0
315,Which space probes were sent into orbit around the sun?,1,,“…Œ æ‰,Which,WDT,NNS,0,0,0,0,0,0,0,0,0,0,0,0,0,0,0,0,0,0,0,0,0,1,0,0,0,0,0,0,0,0,0,0,0,0,0,1,1,0
316,When was Coca Cola invented?,0,,“…Œ æ‰,When,WRB,WRB,0,0,0,0,0,0,0,0,0,0,0,0,0,0,0,0,0,0,0,0,0,0,0,0,0,0,0,0,0,0,1,0,0,0,0,0,0,0
317,What is the biggest stadium in Spain?,1,,“…Œ æ‰,What,WP,NN,0,0,0,0,0,0,0,0,0,0,0,0,0,0,0,0,0,0,0,0,0,0,0,0,1,0,0,0,0,0,0,1,0,0,0,1,0,1
318,On which day is Columbus Day?,1,,“…Œ æ‰,which,WDT,NN,0,0,0,0,0,0,0,0,0,1,0,0,0,0,0,0,0,0,0,0,0,0,0,1,0,1,0,0,0,0,0,0,0,0,0,1,0,1
319,How short is the shortest active NBA player?,0,"[""[advmod£∫<--]-->[nsubj£∫-->]""]",“…Œ æ‰,How,WRB,NN,0,0,0,0,0,0,0,0,0,0,0,0,0,0,0,0,0,0,0,0,0,0,0,0,1,0,0,0,0,0,0,0,0,0,0,1,1,1
320,Whom did Lance Bass marry?,0,,“…Œ æ‰,Whom,WP,WP,0,0,0,0,0,0,0,0,0,0,0,0,0,0,0,1,0,0,0,0,0,0,0,0,0,0,0,0,0,0,0,0,0,0,0,0,0,0
321,What form of government does Russia have?,1,,“…Œ æ‰,What,WDT,NN,0,0,0,0,0,0,0,0,0,0,0,0,0,0,0,1,0,0,0,0,0,0,0,0,0,0,0,0,0,0,0,1,0,0,0,1,0,0
322,What movies does Jesse Eisenberg play in?,1,,“…Œ æ‰,What,WDT,NNS,0,0,0,0,0,0,0,0,0,0,0,0,0,0,0,1,0,0,0,0,0,0,0,1,0,0,0,0,0,0,0,0,0,0,0,1,0,0
323,What color expresses loyalty?,1,,“…Œ æ‰,What,WDT,NN,0,0,0,0,0,0,0,0,0,0,0,0,0,0,0,0,0,0,0,0,0,0,0,0,0,0,0,0,0,0,0,0,0,0,0,1,0,1
324,Show me all museums in London.,0,,≥¬ ˆæ‰,VB,VB,NNS,0,0,0,0,0,0,0,0,0,0,0,0,0,0,0,1,0,0,0,0,0,0,0,0,0,0,0,0,0,0,0,1,0,0,0,1,0,0
325,Give me all South American countries.,0,,≥¬ ˆæ‰,VB,VB,NNS,0,0,0,0,0,0,0,0,0,0,0,0,0,0,0,1,0,0,0,0,0,0,0,0,1,0,0,0,0,0,0,0,0,0,0,1,0,0
326,Who is the coach of Ankara's ice hockey team?,1,,“…Œ æ‰,Who,WP,NN,0,0,0,0,0,0,0,0,0,1,0,0,0,0,0,0,0,0,0,0,0,0,0,0,0,1,0,0,0,0,0,1,0,0,0,1,0,1
327,Who is the son of Sonny and Cher?,1,,“…Œ æ‰,Who,WP,NN,0,0,0,0,0,0,0,0,0,1,0,0,0,0,0,0,0,0,0,0,0,0,0,0,0,1,0,0,0,0,0,1,0,0,0,1,0,1
328,What are the five boroughs of New York?,1,,“…Œ æ‰,What,WP,NNS,1,0,0,0,0,0,0,0,0,0,0,0,0,0,0,0,0,0,0,0,0,0,0,0,0,0,0,0,0,0,0,1,0,0,0,1,0,1
329,Show me Hemingway's autobiography.,0,,≥¬ ˆæ‰,VB,VB,NN,0,0,0,0,0,0,0,0,0,0,0,0,0,0,0,1,0,0,0,0,0,0,0,0,0,0,0,0,0,0,0,0,0,0,0,0,0,0
330,What kind of music did Lou Reed play?,0,"[""[det£∫<--]-->[nmod£∫-->]""]",“…Œ æ‰,What,WDT,NN,0,0,0,0,0,0,0,0,0,0,0,0,0,0,0,0,0,0,0,0,0,0,0,1,0,0,0,0,0,0,0,1,0,0,0,0,0,0
331,In which city does Sylvester Stallone live?,1,,“…Œ æ‰,which,WDT,NN,0,0,0,0,0,1,0,0,0,0,0,0,0,0,0,0,0,0,0,0,0,0,0,1,0,0,0,0,0,0,0,0,0,0,0,1,0,0
332,Who was Vincent van Gogh inspired by?,0,,“…Œ æ‰,Who,WP,WP,0,0,0,0,0,0,0,0,0,0,0,0,0,0,0,1,0,0,0,0,0,0,0,0,0,0,0,0,0,0,0,0,0,0,0,0,0,0
333,What are the names of the Teenage Mutant Ninja Turtles?,1,,“…Œ æ‰,What,WP,NNS,0,0,0,0,0,0,0,0,0,0,0,0,0,0,0,0,0,0,0,0,0,0,0,0,0,0,0,0,0,0,0,1,0,0,0,1,0,1
334,What are the zodiac signs?,0,,“…Œ æ‰,What,WP,WP,0,0,0,0,0,0,0,0,0,1,0,0,0,0,0,0,0,0,0,0,0,0,0,0,0,1,0,0,0,0,0,0,0,0,0,0,0,1
335,What languages do they speak in Pakistan?,0,,“…Œ æ‰,What,WDT,WDT,0,0,0,0,0,0,0,0,0,0,0,0,0,0,0,0,0,0,0,0,0,0,0,0,0,0,0,0,0,0,0,0,0,0,0,1,0,0
336,Who became president after JFK died?,0,"[""[nsubj£∫<--]-->[xcomp£∫-->]""]",“…Œ æ‰,Who,WP,NN,0,0,0,0,0,0,0,0,0,0,0,0,1,0,0,0,0,0,0,0,0,0,0,0,0,0,0,0,0,0,0,0,0,0,0,0,0,0
337,In what city is the Heineken brewery?,1,,“…Œ æ‰,what,WDT,NN,0,0,0,0,0,0,0,0,0,1,0,0,0,0,0,0,0,0,0,0,0,0,0,1,0,1,0,0,0,0,0,0,0,0,0,1,0,0
338,What is Elon Musk famous for?,1,,“…Œ æ‰,What,WP,JJ,0,0,0,0,0,1,0,0,0,1,0,0,0,0,0,0,0,0,0,0,0,0,0,0,0,1,0,0,0,0,0,0,0,0,0,0,0,1
339,What is Batman's real name?,1,,“…Œ æ‰,What,WP,NN,0,0,0,0,0,0,0,0,0,0,0,0,0,0,0,0,0,0,0,0,0,0,0,0,1,0,0,0,0,0,0,0,0,0,0,0,0,1
340,From which region is the Refosco dal Peduncolo Rosso?,1,,“…Œ æ‰,which,WDT,NN,0,0,0,0,0,0,0,0,0,1,0,0,0,0,0,0,0,0,0,0,0,0,0,1,0,1,0,0,0,0,0,0,0,0,0,1,0,1
341,Give me all Avant-garde jazz record labels.,0,,≥¬ ˆæ‰,VB,VB,NNS,0,0,0,0,0,0,0,0,0,0,0,0,0,0,0,1,0,0,0,0,0,0,0,0,0,0,0,0,0,0,0,0,0,0,0,1,1,0
342,Give me all books written by David Foster Wallace.,0,,≥¬ ˆæ‰,VB,VB,NNS,0,0,0,0,0,0,0,0,0,0,0,0,0,0,0,1,1,0,0,0,0,0,0,0,0,0,0,0,0,0,0,0,0,0,0,1,0,0
343,Give me all cars that are produced in Netherlands.,0,,≥¬ ˆæ‰,VB,VB,NNS,0,0,0,0,0,0,0,0,0,0,0,0,0,0,0,1,0,0,1,0,0,0,0,0,0,0,0,0,0,0,0,0,0,0,0,1,0,0
344,Give me all companies in Jena.,0,,≥¬ ˆæ‰,VB,VB,NNS,0,0,0,0,0,0,0,0,0,0,0,0,0,0,0,1,0,0,0,0,0,0,0,0,0,0,0,0,0,0,0,1,0,0,0,1,0,0
345,Give me all inflows of the Lake Houston.,0,,≥¬ ˆæ‰,VB,VB,NNS,0,0,0,0,0,0,0,0,0,0,0,0,0,0,0,1,0,0,0,0,0,0,0,0,0,0,0,0,0,0,0,1,0,0,0,1,0,0
346,Give me all members of The Who.,0,,≥¬ ˆæ‰,VB,VB,NNS,0,0,0,0,0,0,0,0,0,0,0,0,0,0,0,1,0,0,0,0,0,0,0,0,0,0,0,0,0,0,0,1,0,0,0,1,0,0
347,Give me all soccer clubs in Qatar.,0,,≥¬ ˆæ‰,VB,VB,NNS,0,0,0,0,0,0,0,0,0,0,0,0,0,0,0,1,0,0,0,0,0,0,0,0,0,0,0,0,0,0,0,1,0,0,0,1,1,0
348,Give me all video games published by Black Isle Studios.,0,,≥¬ ˆæ‰,VB,VB,NNS,0,0,0,0,0,0,0,0,0,0,0,0,0,0,0,1,1,0,0,0,0,0,0,0,0,0,0,0,0,0,0,0,0,0,0,1,1,0
349,Give me the children of David Foster.,0,,≥¬ ˆæ‰,VB,VB,NNS,0,0,0,0,0,0,0,0,0,0,0,0,0,0,0,1,0,0,0,0,0,0,0,0,0,0,0,0,0,0,0,1,0,0,0,1,0,0
350,Give me the homepage of Metropolitan Home.,0,,≥¬ ˆæ‰,VB,VB,NN,0,0,0,0,0,0,0,0,0,0,0,0,0,0,0,1,0,0,0,0,0,0,0,0,0,0,0,0,0,0,0,1,0,0,0,1,0,0
351,How big is the Mammoth Pool Reservoir?,1,,“…Œ æ‰,How,WRB,JJ,0,0,0,0,0,0,0,0,0,1,0,0,0,0,0,0,0,0,0,0,0,0,0,0,0,1,0,0,0,0,1,0,0,0,0,0,0,1
352,How deep is Steinsee?,1,,“…Œ æ‰,How,WRB,JJ,0,0,0,0,0,0,0,0,0,1,0,0,0,0,0,0,0,0,0,0,0,0,0,0,0,1,0,0,0,0,1,0,0,0,0,0,0,1
353,How high is the Doe Hill Mountain?,1,,“…Œ æ‰,How,WRB,JJ,0,0,0,0,0,0,0,0,0,1,0,0,0,0,0,0,0,0,0,0,0,0,0,0,0,1,0,0,0,0,1,0,0,0,0,0,0,1
354,How high is the Volcano Mountain?,1,,“…Œ æ‰,How,WRB,JJ,0,0,0,0,0,0,0,0,0,1,0,0,0,0,0,0,0,0,0,0,0,0,0,0,0,1,0,0,0,0,1,0,0,0,0,0,0,1
355,How high is the Landegode Lighthouse?,1,,“…Œ æ‰,How,WRB,JJ,0,0,0,0,0,0,0,0,0,1,0,0,0,0,0,0,0,0,0,0,0,0,0,0,0,1,0,0,0,0,1,0,0,0,0,0,0,1
356,How many employees does Staedtler have?,0,"[""[advmod£∫<--]-->[amod£∫<--]""]",“…Œ æ‰,How,WRB,NNS,0,0,0,0,0,0,0,0,0,0,0,0,0,0,0,1,0,0,0,0,0,0,0,0,1,0,0,0,0,0,0,0,0,0,0,0,0,0
357,How many ethnic groups live in Spain?,0,"[""[advmod£∫<--]-->[amod£∫<--]""]",“…Œ æ‰,How,WRB,NNS,0,0,0,0,0,0,0,0,0,0,0,0,0,0,0,0,0,0,0,0,0,0,0,0,1,0,0,0,0,0,0,0,0,0,0,0,0,1
358,How many inhabitants does Nagamangala have?,0,"[""[advmod£∫<--]-->[amod£∫<--]""]",“…Œ æ‰,How,WRB,NNS,0,0,0,0,0,0,0,0,0,0,0,0,0,0,0,1,0,0,0,0,0,0,0,0,1,0,0,0,0,0,0,0,0,0,0,0,0,0
359,How many museums does Sofia have?,0,"[""[advmod£∫<--]-->[amod£∫<--]""]",“…Œ æ‰,How,WRB,NNS,0,0,0,0,0,0,0,0,0,0,0,0,0,0,0,1,0,0,0,0,0,0,0,0,1,0,0,0,0,0,0,0,0,0,0,0,0,0
360,How many pages does The Man with the Red Tattoo have?,0,"[""[advmod£∫<--]-->[amod£∫<--]""]",“…Œ æ‰,How,WRB,NNS,0,0,0,0,0,0,0,0,0,0,0,0,0,0,0,0,0,0,0,0,0,0,0,0,1,0,0,0,0,0,0,0,0,0,0,0,0,1
361,How many people live in the capital of Togo?,0,"[""[advmod£∫<--]-->[amod£∫<--]""]",“…Œ æ‰,How,WRB,NNS,0,0,0,0,0,0,0,0,0,0,0,0,0,0,0,0,0,0,0,0,0,0,0,0,1,0,0,0,0,0,0,0,0,0,0,0,0,1
362,How many politicians graduated from Stanford University?,0,"[""[advmod£∫<--]-->[amod£∫<--]""]",“…Œ æ‰,How,WRB,NNS,0,0,0,0,0,0,0,0,0,0,0,0,0,0,0,0,0,0,0,0,0,0,0,0,1,0,0,0,0,0,0,0,0,0,0,0,0,1
363,How many scientists graduated from Washburn University?,0,"[""[advmod£∫<--]-->[amod£∫<--]""]",“…Œ æ‰,How,WRB,NNS,0,0,0,0,0,0,0,0,0,0,0,0,0,0,0,0,0,0,0,0,0,0,0,0,1,0,0,0,0,0,0,0,0,0,0,0,0,1
364,How many students does the Texas Tech University have?,0,"[""[advmod£∫<--]-->[amod£∫<--]""]",“…Œ æ‰,How,WRB,NNS,0,0,0,0,0,0,0,0,0,0,0,0,0,0,0,1,0,0,0,0,0,0,0,0,1,0,0,0,0,0,0,0,0,0,0,0,0,0
365,How much did Vanilla Sky cost?,0,"[""[advmod£∫<--]-->[advmod£∫<--]""]",“…Œ æ‰,How,WRB,VB,0,0,0,0,0,0,0,0,0,0,0,0,0,0,0,0,0,0,0,0,0,0,0,0,0,0,0,0,0,0,0,0,0,0,0,0,0,0
366,How often did Teresa Mo marry?,1,,“…Œ æ‰,How,WRB,RB,0,0,0,0,0,0,0,0,0,0,0,0,0,0,0,0,0,0,0,0,0,0,0,0,0,0,0,0,0,0,1,0,0,0,0,0,0,0
367,How tall is John Windsor?,1,,“…Œ æ‰,How,WRB,JJ,0,0,0,0,0,0,0,0,0,1,0,0,0,0,0,0,0,0,0,0,0,0,0,0,0,1,0,0,0,0,1,0,0,0,0,0,0,1
368,How tall is Kate Upton?,1,,“…Œ æ‰,How,WRB,JJ,0,0,0,0,0,0,0,0,0,0,0,0,0,0,0,0,0,0,0,0,0,0,0,0,1,0,0,0,0,0,1,0,0,0,0,0,0,0
369,In which country is Solaize located?,1,,“…Œ æ‰,which,WDT,NN,0,0,0,0,0,0,0,0,0,0,0,0,0,0,0,0,0,0,1,0,0,0,0,1,0,1,0,0,0,0,0,0,0,0,0,1,0,0
370,In which country is the Tasman Lake?,1,,“…Œ æ‰,which,WDT,NN,0,0,0,0,0,0,0,0,0,0,0,0,0,0,0,0,0,0,0,0,0,0,0,1,0,0,0,0,0,0,0,0,0,0,0,1,0,1
371,In which country is the Tiefer See?,1,,“…Œ æ‰,which,WDT,NN,0,0,0,0,0,1,0,0,0,0,0,0,0,0,0,0,0,0,0,0,1,0,0,1,0,0,0,0,0,0,0,0,0,0,0,1,0,0
372,In which programming language is QuickTime written?,1,,“…Œ æ‰,which,WDT,NN,0,0,0,0,0,0,0,0,0,0,0,0,0,0,0,0,0,0,1,0,0,0,0,1,0,1,0,0,0,0,0,0,0,0,0,1,1,0
373,Show me everyone who was born on Boxing Day.,0,"[""[nsubj:pass£∫<--]-->[acl:relcl£∫<--]""]",≥¬ ˆæ‰,who,WP,NN,0,0,0,0,0,0,0,0,0,0,0,0,0,0,0,1,0,0,1,0,0,0,0,0,0,0,0,0,0,0,0,0,0,0,0,0,0,0
374,What are the official languages of Tunisia?,1,,“…Œ æ‰,What,WP,NNS,0,0,0,0,0,0,0,0,0,0,0,0,0,0,0,0,0,0,0,0,0,0,0,0,1,0,0,0,0,0,0,1,0,0,0,1,0,1
375,What is the area code of Aegina?,1,,“…Œ æ‰,What,WP,NN,0,0,0,0,0,0,0,0,0,0,0,0,0,0,0,0,0,0,0,0,0,0,0,0,0,0,0,0,0,0,0,1,0,0,0,1,1,1
376,What is the capital of Venezuela?,1,,“…Œ æ‰,What,WP,NN,0,0,0,0,0,0,0,0,0,0,0,0,0,0,0,0,0,0,0,0,0,0,0,0,0,0,0,0,0,0,0,1,0,0,0,1,0,1
377,What is the currency of Rhodesia?,1,,“…Œ æ‰,What,WP,NN,0,0,0,0,0,0,0,0,0,0,0,0,0,0,0,0,0,0,0,0,0,0,0,0,0,0,0,0,0,0,0,1,0,0,0,1,0,1
378,What is the eye color of Liza Kennedy?,1,,“…Œ æ‰,What,WP,NN,0,0,0,0,0,0,0,0,0,0,0,0,0,0,0,0,0,0,0,0,0,0,0,0,0,0,0,0,0,0,0,1,0,0,0,1,1,1
379,What is the hair color of Marlon Teixeira?,1,,“…Œ æ‰,What,WP,NN,0,0,0,0,0,0,0,0,0,0,0,0,0,0,0,0,0,0,0,0,0,0,0,0,0,0,0,0,0,0,0,1,0,0,0,1,1,1
380,What is the official color of the Carleton University?,1,,“…Œ æ‰,What,WP,NN,0,0,0,0,0,0,0,0,0,0,0,0,0,0,0,0,0,0,0,0,0,0,0,0,1,0,0,0,0,0,0,1,0,0,0,1,0,1
381,What is the ruling party in Lo Espejo?,1,,“…Œ æ‰,What,WP,NN,0,0,0,0,0,0,0,0,0,0,0,0,0,0,0,0,0,0,0,0,0,0,0,0,0,0,0,0,0,0,0,1,0,0,0,1,1,1
382,When did Jules Bergman die?,0,,“…Œ æ‰,When,WRB,WRB,0,0,0,0,0,0,0,0,0,0,0,0,0,0,0,0,0,0,0,0,0,0,0,0,0,0,0,0,0,0,1,0,0,0,0,0,0,0
383,When did Red Sonja's creator die?,0,,“…Œ æ‰,When,WRB,WRB,0,0,0,0,0,0,0,0,0,0,0,0,0,0,0,0,0,0,0,0,0,0,0,0,0,0,0,0,0,0,1,0,0,0,0,0,0,0
384,When is Gibraltar Diamond Jubilee Flotilla?,0,,“…Œ æ‰,When,WRB,WRB,0,0,0,0,0,0,0,0,0,1,0,0,0,0,0,0,0,0,0,0,0,0,0,0,0,1,0,0,0,0,0,0,0,0,0,0,0,1
385,When was Sevcon founded?,0,,“…Œ æ‰,When,WRB,WRB,0,0,0,0,0,0,0,0,0,0,0,0,0,0,0,0,0,0,0,0,0,0,0,0,0,0,0,0,0,0,1,0,0,0,0,0,0,0
386,When was Albert Schweitzer born?,0,,“…Œ æ‰,When,WRB,WRB,0,0,0,0,0,0,0,0,0,0,0,0,0,0,0,0,0,0,0,0,0,0,0,0,0,0,0,0,0,0,1,0,0,0,0,0,0,0
387,When was the Cobble Hill Tunnel built?,0,,“…Œ æ‰,When,WRB,WRB,0,0,0,0,0,0,0,0,0,0,0,0,0,0,0,0,0,0,0,0,0,0,0,0,0,0,0,0,0,0,1,0,0,0,0,0,0,0
388,When was the Riverdale Monument built?,0,,“…Œ æ‰,When,WRB,WRB,0,0,0,0,0,0,0,0,0,0,0,0,0,0,0,0,0,0,0,0,0,0,0,0,0,0,0,0,0,0,1,0,0,0,0,0,0,0
389,When was the Operation Purple Haze?,0,,“…Œ æ‰,When,WRB,WRB,0,0,0,0,0,0,0,0,0,1,0,0,0,0,0,0,0,0,0,0,0,0,0,0,0,1,0,0,0,0,0,0,0,0,0,0,0,1
390,Where did Queen Emma of Hawaii  die?,0,,“…Œ æ‰,Where,WRB,WRB,0,0,0,0,0,0,0,0,0,0,0,0,0,0,0,0,0,0,0,0,0,0,0,0,0,0,0,0,0,0,1,0,0,0,0,0,0,0
391,Where is the Sandhammaren located?,0,,“…Œ æ‰,Where,WRB,WRB,0,0,0,0,0,0,0,0,0,1,0,0,0,0,0,0,0,0,0,0,0,0,0,0,0,1,0,0,0,1,0,0,0,0,0,0,0,0
392,Which airports are located in Chios?,1,,“…Œ æ‰,Which,WDT,NNS,0,0,0,0,0,0,0,0,0,0,0,0,0,0,0,0,0,0,0,0,0,1,0,0,0,0,0,0,0,0,0,0,0,0,0,1,0,0
393,Which artist made the album Old School Prankstas?,1,,“…Œ æ‰,Which,WDT,NN,0,0,0,0,0,0,0,0,0,0,0,0,0,0,0,0,0,0,0,0,0,0,0,0,0,0,0,0,0,0,0,0,0,0,0,1,0,1
394,Which books were published by DAW Books?,1,,“…Œ æ‰,Which,WDT,NNS,0,0,0,0,0,0,0,0,0,0,0,0,0,0,0,0,0,0,0,0,0,1,0,0,0,0,0,0,0,0,0,0,0,0,0,1,0,0
395,Which bridges cross the Prut?,1,,“…Œ æ‰,Which,WDT,NNS,0,0,0,0,0,0,0,0,0,0,0,0,0,0,0,0,0,0,0,0,0,0,0,0,0,0,0,0,0,0,0,0,0,0,0,1,0,1
396,Which instruments does Courtney Love play?,1,,“…Œ æ‰,Which,WDT,NNS,0,0,0,0,0,0,0,0,0,0,0,0,0,0,0,1,0,0,0,0,0,0,0,0,0,0,0,0,0,0,0,0,0,0,0,1,0,0
397,Which languages are spoken in Romania?,1,,“…Œ æ‰,Which,WDT,NNS,0,0,0,0,0,0,0,0,0,0,0,0,0,0,0,0,0,0,0,0,0,0,0,0,0,0,0,0,0,0,0,0,0,0,0,1,0,1
398,Which museum exhibits The Skater?,1,,“…Œ æ‰,Which,WDT,NN,0,0,0,0,0,0,0,0,0,0,0,0,0,0,0,0,0,0,0,0,0,0,0,0,0,0,0,0,0,0,0,0,0,0,0,1,0,1
399,Which music albums contain the song Into Your Arms?,1,,“…Œ æ‰,Which,WDT,NNS,0,0,0,0,0,0,0,0,0,0,0,0,0,0,0,0,0,0,0,0,0,0,0,0,0,0,0,0,0,0,0,0,0,0,0,1,1,1
400,Which organizations were founded in 1918?,1,,“…Œ æ‰,Which,WDT,NNS,0,0,0,0,0,0,0,0,0,0,0,0,0,0,0,0,0,0,0,0,0,1,0,0,0,0,0,0,0,0,0,0,0,0,0,1,0,0
401,Which presidents were born in 1891?,1,,“…Œ æ‰,Which,WDT,NNS,0,0,0,0,0,0,0,0,0,0,0,0,0,0,0,0,0,0,0,0,0,1,0,0,0,0,0,0,0,0,0,0,0,0,0,1,0,0
402,Which professional surfers were born in Australia?,1,,“…Œ æ‰,Which,WDT,NNS,0,0,0,0,0,0,0,0,0,0,0,0,0,0,0,0,0,0,0,0,0,1,0,0,1,0,0,0,0,0,0,0,0,0,0,1,0,0
403,Who created Retrocrush?,0,,“…Œ æ‰,Who,WP,WP,0,0,0,0,0,0,0,0,0,0,0,0,0,0,0,0,0,0,0,0,0,0,0,0,0,0,0,0,0,0,0,0,0,0,0,0,0,1
404,Who created Miss Marple?,0,,“…Œ æ‰,Who,WP,WP,0,0,0,0,0,0,0,0,0,0,0,0,0,0,0,0,0,0,0,0,0,0,0,0,0,0,0,0,0,0,0,0,0,0,0,0,0,1
405,Who created the comic Old Man Logan?,0,,“…Œ æ‰,Who,WP,WP,0,0,0,0,0,0,0,0,0,0,0,0,0,0,0,0,0,0,0,0,0,0,0,0,0,0,0,0,0,0,0,0,0,0,0,0,0,1
406,Who designed the Langebro?,0,,“…Œ æ‰,Who,WP,WP,0,0,0,0,0,0,0,0,0,0,0,0,0,0,0,0,0,0,0,0,0,0,0,0,0,0,0,0,0,0,0,0,0,0,0,0,0,1
407,Who developed Quake engine?,0,,“…Œ æ‰,Who,WP,WP,0,0,0,0,0,0,0,0,0,0,0,0,0,0,0,0,0,0,0,0,0,0,0,0,0,0,0,0,0,0,0,0,0,0,0,0,0,1
408,Who developed the video game Duke Nukem 3D?,0,,“…Œ æ‰,Who,WP,WP,0,0,0,0,0,0,0,0,0,0,0,0,0,0,0,0,0,0,0,0,0,0,0,0,0,0,0,0,0,0,0,0,0,0,0,0,0,1
409,Who founded Sony?,0,,“…Œ æ‰,Who,WP,WP,0,0,0,0,0,0,0,0,0,0,0,0,0,0,0,0,0,0,0,0,0,0,0,0,0,0,0,0,0,0,0,0,0,0,0,0,0,1
410,Who is the editor of Semana?,1,,“…Œ æ‰,Who,WP,NN,0,0,0,0,0,0,0,0,0,1,0,0,0,0,0,0,0,0,0,0,0,0,0,0,0,1,0,0,0,0,0,1,0,0,0,1,0,1
411,Who is the founder of DC Comics?,1,,“…Œ æ‰,Who,WP,NN,0,0,0,0,0,0,0,0,0,1,0,0,0,0,0,0,0,0,0,0,0,0,0,0,0,1,0,0,0,0,0,1,0,0,0,1,0,1
412,Who is the heaviest player of the ASK Riga?,1,,“…Œ æ‰,Who,WP,NN,0,0,0,0,0,0,0,0,0,1,0,0,0,0,0,0,0,0,0,0,0,0,0,0,1,1,0,0,0,0,0,1,0,0,0,1,0,1
413,Who is the manager of Gazelle FC?,1,,“…Œ æ‰,Who,WP,NN,0,0,0,0,0,0,0,0,0,1,0,0,0,0,0,0,0,0,0,0,0,0,0,0,0,1,0,0,0,0,0,1,0,0,0,1,0,1
414,Who is the mayor of Virar?,1,,“…Œ æ‰,Who,WP,NN,0,0,0,0,0,0,0,0,0,1,0,0,0,0,0,0,0,0,0,0,0,0,0,0,0,1,0,0,0,0,0,1,0,0,0,1,0,1
415,Who is the mayor of the capital of New Caledonia?,1,,“…Œ æ‰,Who,WP,NN,0,0,0,0,0,0,0,0,0,1,0,0,0,0,0,0,0,0,0,0,0,0,0,0,0,1,0,0,0,0,0,1,0,0,0,1,0,1
416,Who is the owner of Mazda?,1,,“…Œ æ‰,Who,WP,NN,0,0,0,0,0,0,0,0,0,1,0,0,0,0,0,0,0,0,0,0,0,0,0,0,0,1,0,0,0,0,0,1,0,0,0,1,0,1
417,Who is the tallest player of Udinese Calcio?,1,,“…Œ æ‰,Who,WP,NN,0,0,0,0,0,0,0,0,0,1,0,0,0,0,0,0,0,0,0,0,0,0,0,0,1,1,0,0,0,0,0,1,0,0,0,1,0,1
418,Who is the youngest Snooker player?,1,,“…Œ æ‰,Who,WP,NN,0,0,0,0,0,0,0,0,0,1,0,0,0,0,0,0,0,0,0,0,0,0,0,0,1,1,0,0,0,0,0,0,0,0,0,1,1,1
419,Who painted Unfinished portrait of General Bonaparte?,0,,“…Œ æ‰,Who,WP,WP,0,0,0,0,0,0,0,0,0,0,0,0,0,0,0,0,0,0,0,0,0,0,0,0,0,0,0,0,0,0,0,0,0,0,0,0,0,1
420,Who produces Red Bull?,0,,“…Œ æ‰,Who,WP,WP,0,0,0,0,0,0,0,0,0,0,0,0,0,0,0,0,0,0,0,0,0,0,0,0,0,0,0,0,0,0,0,0,0,0,0,0,0,1
421,Who were the parents of Maria of Antioch?,1,,“…Œ æ‰,Who,WP,NNS,0,0,0,0,0,0,0,0,0,1,0,0,0,0,0,0,0,0,0,0,0,0,0,0,0,1,0,0,0,0,0,1,0,0,0,1,0,1
422,Who wrote the book Leave It to Psmith?,0,,“…Œ æ‰,Who,WP,WP,0,0,0,0,0,0,0,0,0,0,0,0,0,0,0,0,0,0,0,0,0,0,0,0,0,0,0,0,0,0,0,0,0,0,0,0,0,1
423,Who are the presidents of the United States?,1,,“…Œ æ‰,Who,WP,NNS,0,0,0,0,0,0,0,0,0,0,0,0,0,0,0,0,0,0,0,0,0,0,0,0,0,0,0,0,0,0,0,1,0,0,0,1,0,1
424,Who has been the 5th president of the United States of America?,1,,“…Œ æ‰,Who,WP,NN,0,0,0,0,0,0,0,0,0,1,0,0,0,0,1,0,0,0,0,0,0,0,0,0,1,1,0,0,0,0,0,1,0,0,0,1,0,1
425,Give me all female German chancellors!,0,,≥¬ ˆæ‰,VB,VB,NNS,0,0,0,0,0,0,0,0,0,0,0,0,0,0,0,1,0,0,0,0,0,0,0,0,1,0,0,0,0,0,0,0,0,0,0,1,0,0
426,Who was Tom Hanks married to?,0,,“…Œ æ‰,Who,WP,WP,0,0,0,0,0,0,0,0,0,0,0,0,0,0,0,0,0,0,0,0,0,0,0,0,0,0,0,0,0,0,0,0,0,0,0,0,0,1
427,Which people were born in Heraklion?,1,,“…Œ æ‰,Which,WDT,NNS,0,0,0,0,0,0,0,0,0,0,0,0,0,0,0,0,0,0,0,0,0,1,0,0,0,0,0,0,0,0,0,0,0,0,0,1,0,0
428,Which actors were born in Germany?,1,,“…Œ æ‰,Which,WDT,NNS,0,0,0,0,0,0,0,0,0,0,0,0,0,0,0,0,0,0,0,0,0,1,0,0,0,0,0,0,0,0,0,0,0,0,0,1,0,0
429,Which companies work in the aerospace industry as well as on nuclear reactor technology?,1,,“…Œ æ‰,Which,WDT,NNS,0,0,0,0,0,0,0,0,0,0,0,0,0,0,0,0,0,0,0,0,0,0,0,0,0,0,0,0,0,0,0,0,0,0,0,1,0,1
430,Which people have as their given name Jimmy?,1,,“…Œ æ‰,Which,WDT,NNS,0,0,0,0,0,0,0,0,0,0,0,0,0,0,0,0,0,0,0,0,0,0,0,0,0,0,0,0,0,0,0,0,0,0,0,1,0,1
431,Who developed the video game World of Warcraft?,0,,“…Œ æ‰,Who,WP,WP,0,0,0,0,0,0,0,0,0,0,0,0,0,0,0,0,0,0,0,0,0,0,0,0,0,0,0,0,0,0,0,0,0,0,0,0,0,1
432,Who was the wife of President Lincoln?,1,,“…Œ æ‰,Who,WP,NN,0,0,0,0,0,0,0,0,0,1,0,0,0,0,0,0,0,0,0,0,0,0,0,0,0,1,0,0,0,0,0,1,0,0,0,1,0,1
433,Which presidents were born in 1945?,1,,“…Œ æ‰,Which,WDT,NNS,0,0,0,0,0,0,0,0,0,0,0,0,0,0,0,0,0,0,0,0,0,1,0,0,0,0,0,0,0,0,0,0,0,0,0,1,0,0
434,Which caves have more than 3 entrances?,1,,“…Œ æ‰,Which,WDT,NNS,0,0,0,0,0,0,0,0,0,0,0,0,0,0,0,0,0,0,0,0,0,0,0,0,0,0,0,0,0,0,0,0,0,0,0,1,0,1
435,Which cities have more than 2 million inhabitants?,1,,“…Œ æ‰,Which,WDT,NNS,0,0,0,0,0,0,0,0,0,0,0,0,0,0,0,0,0,0,0,0,0,0,0,0,0,0,0,0,0,0,0,0,0,0,0,1,0,1
436,Who owns Aldi?,0,,“…Œ æ‰,Who,WP,WP,0,0,0,0,0,0,0,0,0,0,0,0,0,0,0,0,0,0,0,0,0,0,0,0,0,0,0,0,0,0,0,0,0,0,0,0,0,1
437,Which capitals in Europe were host cities of the summer olympic games?,1,,“…Œ æ‰,Which,WDT,NNS,0,0,0,0,0,0,0,0,0,0,0,0,0,0,0,0,0,0,0,0,0,0,0,0,0,0,0,0,0,0,0,1,0,0,0,1,0,1
438,Give me all soccer clubs in the Premier League.,0,,≥¬ ˆæ‰,VB,VB,NNS,0,0,0,0,0,0,0,0,0,0,0,0,0,0,0,1,0,0,0,0,0,0,0,0,0,0,0,0,0,0,0,1,0,0,0,1,1,0
439,In which programming language is GIMP written?,1,,“…Œ æ‰,which,WDT,NN,0,0,0,0,0,0,0,0,0,0,0,0,0,0,0,0,0,0,1,0,0,0,0,1,0,1,0,0,0,0,0,0,0,0,0,1,1,0
440,What languages are spoken in Estonia?,1,,“…Œ æ‰,What,WDT,NNS,0,0,0,0,0,0,0,0,0,0,0,0,0,0,0,0,0,0,0,0,0,0,0,0,0,0,0,0,0,0,0,0,0,0,0,1,0,1
441,Who is called Dana?,0,,“…Œ æ‰,Who,WP,WP,0,0,0,0,0,0,0,0,0,0,0,0,0,0,0,0,0,0,0,0,0,1,0,0,0,0,0,0,0,0,0,0,0,0,0,0,0,0
442,Which country does the Airedale Terrier come from?,1,,“…Œ æ‰,Which,WDT,NN,0,0,0,0,0,0,0,0,0,0,0,0,0,0,0,0,0,0,0,0,0,0,0,0,0,0,0,0,0,0,0,0,0,0,0,1,0,1
443,What is the highest mountain?,1,,“…Œ æ‰,What,WP,NN,0,0,0,0,0,0,0,0,0,0,0,0,0,0,0,0,0,0,0,0,0,0,0,0,1,0,0,0,0,0,0,0,0,0,0,1,0,1
444,Which birds are there in the United States?,1,,“…Œ æ‰,Which,WDT,NNS,0,0,0,0,0,0,0,0,0,0,0,0,0,0,0,0,0,0,0,0,0,0,0,0,0,0,0,0,0,0,0,0,0,0,0,1,0,1
445,Give me all school types.,0,,≥¬ ˆæ‰,VB,VB,NNS,0,0,0,0,0,0,0,0,0,0,0,0,0,0,0,1,0,0,0,0,0,0,0,0,0,0,0,0,0,0,0,0,0,0,0,1,1,0
446,Which organizations were founded in 1950?,1,,“…Œ æ‰,Which,WDT,NNS,0,0,0,0,0,0,0,0,0,0,0,0,0,0,0,0,0,0,0,0,0,1,0,0,0,0,0,0,0,0,0,0,0,0,0,1,0,0
447,Which genre does DBpedia belong to?,1,,“…Œ æ‰,Which,WDT,NN,0,0,0,0,0,1,0,0,0,0,0,0,0,0,0,0,0,0,0,0,0,0,0,1,0,0,0,0,0,0,0,0,0,0,0,1,0,0
448,When was DBpedia released?,0,,“…Œ æ‰,When,WRB,WRB,0,0,0,0,0,0,0,0,0,0,0,0,0,0,0,0,0,0,0,0,0,0,0,0,0,0,0,0,0,0,1,0,0,0,0,0,0,0
449,Who created English Wikipedia?,0,,“…Œ æ‰,Who,WP,WP,0,0,0,0,0,0,0,0,0,0,0,0,0,0,0,0,0,0,0,0,0,0,0,0,0,0,0,0,0,0,0,0,0,0,0,0,0,1
450,"Which companies are located in California, USA?",1,,“…Œ æ‰,Which,WDT,NNS,0,0,0,0,0,0,0,0,0,0,0,0,0,0,0,0,0,0,0,0,0,1,0,0,0,0,0,0,0,0,0,0,0,0,0,1,0,0
451,What is the official website of Tom Hanks?,1,,“…Œ æ‰,What,WP,NN,0,0,0,0,0,0,0,0,0,0,0,0,0,0,0,0,0,0,0,0,0,0,0,0,1,0,0,0,0,0,0,1,0,0,0,1,0,1
452,How many films did Leonardo DiCaprio star in?,0,"[""[advmod£∫<--]-->[amod£∫<--]""]",“…Œ æ‰,How,WRB,NNS,0,0,0,0,0,0,0,0,0,0,0,0,0,0,0,1,0,0,0,0,0,0,0,0,1,0,0,0,0,0,0,0,0,0,0,0,0,0
453,Who produced the most films?,0,,“…Œ æ‰,Who,WP,WP,0,0,0,0,0,0,0,0,0,0,0,0,0,0,0,0,0,0,0,0,0,0,0,0,0,0,0,0,0,0,0,0,0,0,0,0,0,1
454,Which music albums contain the song Last Christmas?,1,,“…Œ æ‰,Which,WDT,NNS,0,0,0,0,0,0,0,0,0,0,0,0,0,0,0,0,0,0,0,0,0,0,0,0,0,0,0,0,0,0,0,0,0,0,0,1,1,1
455,Give me all films produced by Hal Roach.,0,,≥¬ ˆæ‰,VB,VB,NNS,0,0,0,0,0,0,0,0,0,0,0,0,0,0,0,1,1,0,0,0,0,0,0,0,0,0,0,0,0,0,0,0,0,0,0,1,0,0
456,Give me all actors starring in Batman Begins.,0,,≥¬ ˆæ‰,VB,VB,NNS,0,0,0,0,0,0,0,0,0,0,0,0,0,0,0,1,1,0,0,0,0,0,0,0,0,0,0,0,0,0,0,0,0,0,0,1,0,0
457,Give me all movies with Tom Cruise!,0,,≥¬ ˆæ‰,VB,VB,NNS,0,0,0,0,0,0,0,0,0,0,0,0,0,0,0,1,0,0,0,0,0,0,0,0,0,0,0,0,0,0,0,1,0,0,0,1,0,0
458,List all episodes of the first season of the HBO television series The Sopranos!,0,,≥¬ ˆæ‰,VB,VB,NNS,0,0,0,0,0,0,0,0,0,0,0,0,0,0,0,1,0,0,0,0,0,0,0,0,0,0,0,0,0,0,0,1,0,0,0,1,0,0
459,Which books were written by Danielle Steel?,1,,“…Œ æ‰,Which,WDT,NNS,0,0,0,0,0,0,0,0,0,0,0,0,0,0,0,0,0,0,0,0,0,1,0,0,0,0,0,0,0,0,0,0,0,0,0,1,0,0
460,Who wrote the book The pillars of the Earth?,0,,“…Œ æ‰,Who,WP,WP,0,0,0,0,0,0,0,0,0,0,0,0,0,0,0,0,0,0,0,0,0,0,0,0,0,0,0,0,0,0,0,0,0,0,0,0,0,1
461,Which mountains are higher than the Nanga Parbat?,1,,“…Œ æ‰,Which,WDT,NNS,0,0,0,0,0,0,0,0,0,0,0,0,0,0,0,0,0,0,0,0,0,0,0,0,0,0,0,0,0,0,0,0,0,0,0,1,0,1
462,When was Capcom founded?,0,,“…Œ æ‰,When,WRB,WRB,0,0,0,0,0,0,0,0,0,0,0,0,0,0,0,0,0,0,0,0,0,0,0,0,0,0,0,0,0,0,1,0,0,0,0,0,0,0
463,Which software has been published by Mean Hamster Software?,1,,“…Œ æ‰,Which,WDT,NN,0,0,0,0,0,0,0,0,0,0,0,0,0,0,0,0,0,0,0,0,0,1,0,0,0,0,0,0,0,0,0,0,0,0,0,1,0,0
464,Which software has been developed by organizations founded in California?,1,,“…Œ æ‰,Which,WDT,NN,0,0,0,0,0,0,0,0,0,0,0,0,0,0,0,0,0,0,0,0,0,1,0,0,0,0,0,0,0,0,0,0,0,0,0,1,0,0
465,Which country has the most official languages?,1,,“…Œ æ‰,Which,WDT,NN,0,0,0,0,0,0,0,0,0,0,0,0,0,0,0,0,0,0,0,0,0,0,0,0,0,0,0,0,0,0,0,0,0,0,0,1,0,1
466,Give me all European Capitals!,0,,≥¬ ˆæ‰,VB,VB,NNPS,0,0,0,0,0,0,0,0,0,0,0,0,0,0,0,1,0,0,0,0,0,0,0,0,1,0,0,0,0,0,0,0,0,0,0,1,0,0
467,Who produced films starring Natalie Portman?,0,,“…Œ æ‰,Who,WP,WP,0,0,0,0,0,0,0,0,0,0,0,0,0,0,0,0,0,0,0,0,0,0,0,0,0,0,0,0,0,0,0,0,0,0,0,0,0,1
468,In which films did Julia Roberts as well as Richard Gere play?,1,,“…Œ æ‰,which,WDT,NNS,0,0,0,0,0,1,0,0,0,0,0,0,0,0,0,0,0,0,0,0,0,0,0,1,0,0,0,0,0,0,0,0,0,0,0,1,0,0
469,Give me the websites of companies with more than 500000 employees.,0,,≥¬ ˆæ‰,VB,VB,NNS,0,0,0,0,0,0,0,0,0,0,0,0,0,0,0,1,0,0,0,0,0,0,0,0,0,0,0,0,0,0,0,1,0,0,0,1,0,0
470,Give me all female Russian astronauts.,0,,≥¬ ˆæ‰,VB,VB,NNS,0,0,0,0,0,0,0,0,0,0,0,0,0,0,0,1,0,0,0,0,0,0,0,0,1,0,0,0,0,0,0,0,0,0,0,1,0,0
471,Give me the birthdays of all actors of the television show Charmed.,0,,≥¬ ˆæ‰,VB,VB,NNS,0,0,0,0,0,0,0,0,0,0,0,0,0,0,0,1,0,0,0,0,0,0,0,0,0,0,0,0,0,0,0,1,0,0,0,1,0,0
472,Which countries have places with more than two caves?,1,,“…Œ æ‰,Which,WDT,NNS,0,0,0,0,0,0,0,0,0,0,0,0,0,0,0,0,0,0,0,0,0,0,0,0,0,0,0,0,0,0,0,0,0,0,0,1,0,1
473,Give me the capitals of all countries in Africa.,0,,≥¬ ˆæ‰,VB,VB,NNS,0,0,0,0,0,0,0,0,0,0,0,0,0,0,0,1,0,0,0,0,0,0,0,0,0,0,0,0,0,0,0,1,0,0,0,1,0,0
474,How many employees does IBM have?,0,"[""[advmod£∫<--]-->[amod£∫<--]""]",“…Œ æ‰,How,WRB,NNS,0,0,0,0,0,0,0,0,0,0,0,0,0,0,0,1,0,0,0,0,0,0,0,0,1,0,0,0,0,0,0,0,0,0,0,0,0,0
475,Which states border Illinois?,0,"[""[det£∫<--]-->[compound£∫-->]""]",“…Œ æ‰,Which,WDT,NNS,0,0,0,0,0,0,0,0,0,0,0,0,0,0,0,0,0,0,0,0,0,0,0,0,0,0,0,0,0,0,0,0,0,0,0,0,1,0
476,Which European countries have a constitutional monarchy?,1,,“…Œ æ‰,Which,WDT,NNS,0,0,0,0,0,0,0,0,0,0,0,0,0,0,0,0,0,0,0,0,0,0,0,0,1,0,0,0,0,0,0,0,0,0,0,1,0,1
477,Which awards did WikiLeaks win?,1,,“…Œ æ‰,Which,WDT,NNS,0,0,0,0,0,0,0,0,0,0,0,0,0,0,0,1,0,0,0,0,0,0,0,0,0,0,0,0,0,0,0,0,0,0,0,1,0,0
478,Which state of the USA has the highest population density?,1,,“…Œ æ‰,Which,WDT,NN,0,0,0,0,0,0,0,0,0,0,0,0,0,0,0,0,0,0,0,0,0,0,0,0,0,0,0,0,0,0,0,1,0,0,0,1,0,1
479,When did Finland join the EU?,0,,“…Œ æ‰,When,WRB,WRB,0,0,0,0,0,0,0,0,0,0,0,0,0,0,0,0,0,0,0,0,0,0,0,0,0,0,0,0,0,0,1,0,0,0,0,0,0,0
480,What is the highest mountain in Australia?,1,,“…Œ æ‰,What,WP,NN,0,0,0,0,0,0,0,0,0,0,0,0,0,0,0,0,0,0,0,0,0,0,0,0,1,0,0,0,0,0,0,1,0,0,0,1,0,1
481,Give me all companies in the advertising industry.,0,,≥¬ ˆæ‰,VB,VB,NNS,0,0,0,0,0,0,0,0,0,0,0,0,0,0,0,1,0,0,0,0,0,0,0,0,0,0,0,0,0,0,0,1,0,0,0,1,0,0
482,Give me all presidents of the United States.,0,,≥¬ ˆæ‰,VB,VB,NNS,0,0,0,0,0,0,0,0,0,0,0,0,0,0,0,1,0,0,0,0,0,0,0,0,0,0,0,0,0,0,0,1,0,0,0,1,0,0
483,Who was the wife of U.S. president Lincoln?,1,,“…Œ æ‰,Who,WP,NN,0,0,0,0,0,0,0,0,0,1,0,0,0,0,0,0,0,0,0,0,0,0,0,0,0,1,0,0,0,0,0,1,0,0,0,1,0,1
484,What is the official website of Tom Cruise?,1,,“…Œ æ‰,What,WP,NN,0,0,0,0,0,0,0,0,0,0,0,0,0,0,0,0,0,0,0,0,0,0,0,0,1,0,0,0,0,0,0,1,0,0,0,1,0,1
485,Give me all people with first name Jimmy.,0,,≥¬ ˆæ‰,VB,VB,NNS,0,0,0,0,0,0,0,0,0,0,0,0,0,0,0,1,0,0,0,0,0,0,0,0,0,0,0,0,0,0,0,1,0,0,0,1,0,0
486,Who created Wikipedia?,0,,“…Œ æ‰,Who,WP,WP,0,0,0,0,0,0,0,0,0,0,0,0,0,0,0,0,0,0,0,0,0,0,0,0,0,0,0,0,0,0,0,0,0,0,0,0,0,1
487,Give me all video games published by Mean Hamster Software.,0,,≥¬ ˆæ‰,VB,VB,NNS,0,0,0,0,0,0,0,0,0,0,0,0,0,0,0,1,1,0,0,0,0,0,0,0,0,0,0,0,0,0,0,0,0,0,0,1,1,0
488,Which languages are spoken in Estonia?,1,,“…Œ æ‰,Which,WDT,NNS,0,0,0,0,0,0,0,0,0,0,0,0,0,0,0,0,0,0,0,0,0,0,0,0,0,0,0,0,0,0,0,0,0,0,0,1,0,1
489,How many films did Hal Roach produce?,0,"[""[advmod£∫<--]-->[amod£∫<--]""]",“…Œ æ‰,How,WRB,NNS,0,0,0,0,0,0,0,0,0,0,0,0,0,0,0,1,0,0,0,0,0,0,0,0,1,0,0,0,0,0,0,0,0,0,0,0,0,0
490,Give me all books written by Danielle Steel.,0,,≥¬ ˆæ‰,VB,VB,NNS,0,0,0,0,0,0,0,0,0,0,0,0,0,0,0,1,1,0,0,0,0,0,0,0,0,0,0,0,0,0,0,0,0,0,0,1,0,0
491,"Which airports are located in California, USA?",1,,“…Œ æ‰,Which,WDT,NNS,0,0,0,0,0,0,0,0,0,0,0,0,0,0,0,0,0,0,0,0,0,1,0,0,0,0,0,0,0,0,0,0,0,0,0,1,0,0
492,Give me all Canadian Grunge record labels.,0,"[""[obj£∫-->]-->[compound£∫-->]""]",≥¬ ˆæ‰,VB,VB,NN,0,0,0,0,0,0,0,0,0,0,0,0,0,0,0,0,0,0,0,0,0,0,0,0,0,0,0,0,0,0,0,0,0,0,0,0,1,0
493,Give me all movies with Tom Cruise.,0,,≥¬ ˆæ‰,VB,VB,NNS,0,0,0,0,0,0,0,0,0,0,0,0,0,0,0,1,0,0,0,0,0,0,0,0,0,0,0,0,0,0,0,1,0,0,0,1,0,0
494,Give me all female German chancellors.,0,,≥¬ ˆæ‰,VB,VB,NNS,0,0,0,0,0,0,0,0,0,0,0,0,0,0,0,1,0,0,0,0,0,0,0,0,1,0,0,0,0,0,0,0,0,0,0,1,0,0
495,Which budget did the first movie of Zdenek Sverak have?,1,,“…Œ æ‰,Which,WDT,NN,0,0,0,0,0,0,0,0,0,0,0,0,0,0,0,0,0,0,0,0,0,0,0,0,0,0,0,0,0,0,0,0,0,0,0,1,0,1
496,How many big fires struck Paris during the Middle Ages?,0,"[""[advmod£∫<--]-->[amod£∫<--]""]",“…Œ æ‰,How,WRB,NNS,0,0,0,0,0,0,0,0,0,0,0,0,0,0,0,0,0,0,0,0,0,0,0,0,1,0,0,0,0,0,0,0,0,0,0,0,0,1
497,How often was Michael Jordan divorced?,1,,“…Œ æ‰,How,WRB,RB,0,0,1,0,0,0,0,0,0,1,0,0,0,0,0,0,0,0,0,0,0,0,0,0,0,1,0,0,0,0,1,0,0,0,0,0,0,0
498,What is the most beautiful painting?,1,,“…Œ æ‰,What,WP,NN,0,0,0,0,0,0,0,0,0,0,0,0,0,0,0,0,0,0,0,0,0,0,0,0,1,0,0,0,0,0,0,0,0,0,0,1,0,1
499,Give me all animal species that live in the Teutoburg Forest.,0,"[""[obj£∫-->]-->[compound£∫-->]""]",≥¬ ˆæ‰,VB,VB,NN,0,0,0,0,0,0,0,0,0,0,0,0,0,0,0,0,0,0,0,0,0,0,0,0,0,0,0,0,0,0,0,0,0,0,0,0,1,0
500,When is the movie Worst Case Scenario going to be in cinemas in the Netherlands?,0,,“…Œ æ‰,When,WRB,WRB,0,0,0,0,0,0,0,0,0,0,0,0,0,0,0,0,0,0,0,0,0,0,0,0,0,0,0,0,0,0,1,0,0,0,0,0,0,0
501,Who is the daughter of Ingrid Bergman married to?,0,,“…Œ æ‰,Who,WP,WP,0,0,0,0,0,0,0,0,0,0,0,0,0,0,0,0,0,0,0,0,0,0,0,0,0,0,0,0,0,0,0,0,0,0,0,0,0,1
502,In which city did John F. Kennedy die?,1,,“…Œ æ‰,which,WDT,NN,0,0,0,0,0,1,0,0,0,0,0,0,0,0,0,0,0,0,0,0,0,0,0,1,0,0,0,0,0,0,0,0,0,0,0,1,0,0
503,Which classis do tree frogs belong to?,1,,“…Œ æ‰,Which,WDT,NN,0,0,0,0,0,1,0,0,0,0,0,0,0,0,0,0,0,0,0,0,0,0,0,0,0,0,0,0,0,0,0,0,0,0,0,1,0,0
504,When did Latvia join the EU?,0,,“…Œ æ‰,When,WRB,WRB,0,0,0,0,0,0,0,0,0,0,0,0,0,0,0,0,0,0,0,0,0,0,0,0,0,0,0,0,0,0,1,0,0,0,0,0,0,0
505,Give me all actors starring in Last Action Hero.,0,,≥¬ ˆæ‰,VB,VB,NNS,0,0,0,0,0,0,0,0,0,0,0,0,0,0,0,1,1,0,0,0,0,0,0,0,0,0,0,0,0,0,0,0,0,0,0,1,0,0
506,Who wrote the book Les Piliers de la terre?,0,,“…Œ æ‰,Who,WP,WP,0,0,0,0,0,0,0,0,0,0,0,0,0,0,0,0,0,0,0,0,0,0,0,0,0,0,0,0,0,0,0,0,0,0,0,0,0,1
507,Give me all cosmonauts.,0,,≥¬ ˆæ‰,VB,VB,NNS,0,0,0,0,0,0,0,0,0,0,0,0,0,0,0,1,0,0,0,0,0,0,0,0,0,0,0,0,0,0,0,0,0,0,0,1,0,0
508,How many countries are there in Europe?,0,"[""[advmod£∫<--]-->[amod£∫<--]""]",“…Œ æ‰,How,WRB,NNS,0,0,0,0,0,0,0,0,0,0,0,0,0,0,0,0,0,0,0,0,0,0,0,0,1,0,0,0,0,0,0,0,0,0,0,0,0,1
509,In which U.S. state is Mount McKinley located?,1,,“…Œ æ‰,which,WDT,NN,0,0,0,0,0,0,0,0,0,0,0,0,0,0,0,0,0,0,0,0,0,1,0,0,0,0,0,0,0,0,0,0,0,0,0,1,1,0
510,Which countries have more than ten caves?,1,,“…Œ æ‰,Which,WDT,NNS,0,0,0,0,0,0,0,0,0,0,0,0,0,0,0,0,0,0,0,0,0,0,0,0,0,0,0,0,0,0,0,0,0,0,0,1,0,1
511,Give me all communist countries.,0,,≥¬ ˆæ‰,VB,VB,NNS,0,0,0,0,0,0,0,0,0,0,0,0,0,0,0,1,0,0,0,0,0,0,0,0,1,0,0,0,0,0,0,0,0,0,0,1,0,0
512,Which U.S. state has the highest population density?,1,,“…Œ æ‰,Which,WDT,NN,0,0,0,0,0,0,0,0,0,0,0,0,0,0,0,0,0,0,0,0,0,0,0,0,0,0,0,0,0,0,0,0,0,0,0,1,1,1
513,Which countries adopted the Euro?,1,,“…Œ æ‰,Which,WDT,NNS,0,0,0,0,0,0,0,0,0,0,0,0,0,0,0,0,0,0,0,0,0,0,0,0,0,0,0,0,0,0,0,0,0,0,0,1,0,1
514,Which monarchs were married to a German?,1,,“…Œ æ‰,Which,WDT,NNS,0,0,0,0,0,0,0,0,0,0,0,0,0,0,0,0,0,0,0,0,0,1,0,0,0,0,0,0,0,0,0,0,0,0,0,1,0,0
515,What is the official language of Suriname?,1,,“…Œ æ‰,What,WP,NN,0,0,0,0,0,0,0,0,0,0,0,0,0,0,0,0,0,0,0,0,0,0,0,0,1,0,0,0,0,0,0,1,0,0,0,1,0,1
516,Who is the mayor of Tel Aviv?,1,,“…Œ æ‰,Who,WP,NN,0,0,0,0,0,0,0,0,0,1,0,0,0,0,0,0,0,0,0,0,0,0,0,0,0,1,0,0,0,0,0,1,0,0,0,1,0,1
517,What is the highest place of the Urals?,1,,“…Œ æ‰,What,WP,NN,0,0,0,0,0,0,0,0,0,0,0,0,0,0,0,0,0,0,0,0,0,0,0,0,1,0,0,0,0,0,0,1,0,0,0,1,0,1
518,Who is the editor of Forbes?,1,,“…Œ æ‰,Who,WP,NN,0,0,0,0,0,0,0,0,0,1,0,0,0,0,0,0,0,0,0,0,0,0,0,0,0,1,0,0,0,0,0,1,0,0,0,1,0,1
519,Give me all libraries established earlier than 1400.,0,,≥¬ ˆæ‰,VB,VB,NNS,0,0,0,0,0,0,0,0,0,0,0,0,0,0,0,1,1,0,0,0,0,0,0,0,0,0,0,0,0,0,0,0,0,0,0,1,0,0
520,Give me all federal chancellors of Germany.,0,,≥¬ ˆæ‰,VB,VB,NNS,0,0,0,0,0,0,0,0,0,0,0,0,0,0,0,1,0,0,0,0,0,0,0,0,1,0,0,0,0,0,0,1,0,0,0,1,0,0
521,List all episodes of the first season of the HBO television series The Sopranos.,0,,≥¬ ˆæ‰,VB,VB,NNS,0,0,0,0,0,0,0,0,0,0,0,0,0,0,0,1,0,0,0,0,0,0,0,0,0,0,0,0,0,0,0,1,0,0,0,1,0,0
522,Which companies work in the aerospace industry as well as in medicine?,1,,“…Œ æ‰,Which,WDT,NNS,0,0,0,0,0,0,0,0,0,0,0,0,0,0,0,0,0,0,0,0,0,0,0,0,0,0,0,0,0,0,0,0,0,0,0,1,0,1
523,How many Aldi stores are there?,0,"[""[advmod£∫<--]-->[amod£∫<--]""]",“…Œ æ‰,How,WRB,NNS,0,0,0,0,0,0,0,0,0,0,0,0,0,0,0,0,0,0,0,0,0,0,0,0,1,0,0,0,0,0,0,0,0,0,0,0,1,1
524,Who was the first president of the United States?,1,,“…Œ æ‰,Who,WP,NN,0,0,0,0,0,0,0,0,0,1,0,0,0,0,0,0,0,0,0,0,0,0,0,0,1,1,0,0,0,0,0,1,0,0,0,1,0,1
525,Give me all female given names.,0,,≥¬ ˆæ‰,VB,VB,NNS,0,0,0,0,0,0,0,0,0,0,0,0,0,0,0,1,0,0,0,0,0,0,0,0,1,0,0,0,0,0,0,0,0,0,0,1,0,0
526,Who wrote the book The Pillars of the Earth?,0,,“…Œ æ‰,Who,WP,WP,0,0,0,0,0,0,0,0,0,0,0,0,0,0,0,0,0,0,0,0,0,0,0,0,0,0,0,0,0,0,0,0,0,0,0,0,0,1
527,Which organizations were founded in 1930?,1,,“…Œ æ‰,Which,WDT,NNS,0,0,0,0,0,0,0,0,0,0,0,0,0,0,0,0,0,0,0,0,0,1,0,0,0,0,0,0,0,0,0,0,0,0,0,1,0,0
528,Who was John F. Kennedy's vice president?,1,,“…Œ æ‰,Who,WP,NN,0,0,0,0,0,0,0,0,0,1,0,0,0,0,0,0,0,0,0,0,0,0,0,0,0,1,0,0,0,0,0,0,0,0,0,0,1,1
529,Give me a list of all bandleaders that play trumpet.,0,,≥¬ ˆæ‰,VB,VB,NN,0,0,0,0,0,0,0,0,0,0,0,0,0,0,0,1,0,0,0,0,0,0,0,0,0,0,0,0,0,0,0,1,0,0,0,1,0,0
530,Give me all world heritage sites designated within the past two years.,0,"[""[obj£∫-->]-->[compound£∫-->]""]",≥¬ ˆæ‰,VB,VB,NN,0,0,0,0,0,0,0,0,0,0,0,0,0,0,0,0,0,0,0,0,0,0,0,0,0,0,0,0,0,0,0,0,0,0,0,0,1,0
531,What were the main discoveries of the Mars rover Curiosity?,1,,“…Œ æ‰,What,WP,NNS,0,0,0,0,0,0,0,0,0,0,0,0,0,0,0,0,0,0,0,0,0,0,0,0,1,0,0,0,0,0,0,1,0,0,0,1,0,1
532,How many languages are spoken in Turkmenistan?,0,"[""[advmod£∫<--]-->[amod£∫<--]""]",“…Œ æ‰,How,WRB,NNS,0,0,0,0,0,0,0,0,0,0,0,0,0,0,0,0,0,0,0,0,0,0,0,0,1,0,0,0,0,0,0,0,0,0,0,0,0,1
533,Give me all actors starring in movies directed by William Shatner.,0,,≥¬ ˆæ‰,VB,VB,NNS,0,0,0,0,0,0,0,0,0,0,0,0,0,0,0,1,1,0,0,0,0,0,0,0,0,0,0,0,0,0,0,0,0,0,0,1,0,0
534,Give me all Methodist politicians.,0,,≥¬ ˆæ‰,VB,VB,NNS,0,0,0,0,0,0,0,0,0,0,0,0,0,0,0,1,0,0,0,0,0,0,0,0,0,0,0,0,0,0,0,0,0,0,0,1,1,0
535,How often did Jane Fonda marry?,1,,“…Œ æ‰,How,WRB,RB,0,0,0,0,0,0,0,0,0,0,0,0,0,0,0,0,0,0,0,0,0,0,0,0,0,0,0,0,0,0,1,0,0,0,0,0,0,0
536,Give me all islands that belong to Japan.,0,,≥¬ ˆæ‰,VB,VB,NNS,0,0,0,0,0,0,0,0,0,0,0,0,0,0,0,1,0,0,1,0,0,0,0,0,0,0,0,0,0,0,0,0,0,0,0,1,0,0
537,Give me all Apollo 14 astronauts.,0,,≥¬ ˆæ‰,VB,VB,NNS,1,0,0,0,0,0,0,0,0,0,0,0,0,0,0,1,0,0,0,0,0,0,0,0,0,0,0,0,0,0,0,0,0,0,0,1,1,0
538,Which U.S. states are in the same time zone as Utah?,1,,“…Œ æ‰,Which,WDT,NNS,0,0,0,0,0,0,0,0,0,0,0,0,0,0,0,0,0,0,0,0,0,0,0,0,0,0,0,0,0,0,0,0,0,0,0,1,1,1
539,Give me all Danish films.,0,,≥¬ ˆæ‰,VB,VB,NNS,0,0,0,0,0,0,0,0,0,0,0,0,0,0,0,1,0,0,0,0,0,0,0,0,1,0,0,0,0,0,0,0,0,0,0,1,0,0
540,Which instruments does Cat Stevens play?,1,,“…Œ æ‰,Which,WDT,NNS,0,0,0,0,0,0,0,0,0,0,0,0,0,0,0,1,0,0,0,0,0,0,0,0,0,0,0,0,0,0,0,0,0,0,0,1,0,0
541,Which Chess players died in the same place they were born in?,1,,“…Œ æ‰,Which,WDT,NNS,0,0,0,0,0,0,0,0,0,0,0,0,0,0,0,0,0,0,0,0,0,0,0,0,0,0,0,0,0,0,0,0,0,0,0,1,1,1
542,Who is the daughter of Robert Kennedy married to?,0,,“…Œ æ‰,Who,WP,WP,0,0,0,0,0,0,0,0,0,0,0,0,0,0,0,0,0,0,0,0,0,0,0,0,0,0,0,0,0,0,0,0,0,0,0,0,0,1
543,In which country does the Ganges start?,1,,“…Œ æ‰,which,WDT,NN,0,0,0,0,0,0,0,0,0,0,0,0,0,0,0,0,0,0,0,0,0,0,0,0,0,0,0,0,0,0,0,0,0,0,0,1,0,1
544,Which television shows were created by John Cleese?,0,"[""[det£∫<--]-->[compound£∫-->]""]",“…Œ æ‰,Which,WDT,NN,0,0,0,0,0,0,0,0,0,0,0,0,0,0,0,0,0,0,0,0,0,0,0,0,0,0,0,0,0,0,0,0,0,0,0,0,1,0
545,Which awards did Douglas Hofstadter win?,1,,“…Œ æ‰,Which,WDT,NNS,0,0,0,0,0,0,0,0,0,0,0,0,0,0,0,1,0,0,0,0,0,0,0,0,0,0,0,0,0,0,0,0,0,0,0,1,0,0
546,Who is the owner of Rolls-Royce?,1,,“…Œ æ‰,Who,WP,NN,0,0,0,0,0,0,0,0,0,1,0,0,0,0,0,0,0,0,0,0,0,0,0,0,0,1,0,0,0,0,0,1,0,0,0,1,0,1
547,Who was the 16th president of the United States?,1,,“…Œ æ‰,Who,WP,NN,0,0,0,0,0,0,0,0,0,1,0,0,0,0,0,0,0,0,0,0,0,0,0,0,1,1,0,0,0,0,0,1,0,0,0,1,0,1
548,Give me all animal species that live in the Amazon rainforest.,0,"[""[obj£∫-->]-->[compound£∫-->]""]",≥¬ ˆæ‰,VB,VB,NN,0,0,0,0,0,0,0,0,0,0,0,0,0,0,0,0,0,0,0,0,0,0,0,0,0,0,0,0,0,0,0,0,0,0,0,0,1,0
549,How many missions does the Soyuz programme have?,0,"[""[advmod£∫<--]-->[amod£∫<--]""]",“…Œ æ‰,How,WRB,NNS,0,0,0,0,0,0,0,0,0,0,0,0,0,0,0,1,0,0,0,0,0,0,0,0,1,0,0,0,0,0,0,0,0,0,0,0,0,0
550,Give me all Danish movies.,0,,≥¬ ˆæ‰,VB,VB,NNS,0,0,0,0,0,0,0,0,0,0,0,0,0,0,0,1,0,0,0,0,0,0,0,0,1,0,0,0,0,0,0,0,0,0,0,1,0,0
551,Who was called Frank The Tank?,0,"[""[nsubj:pass£∫<--]-->[xcomp£∫-->]""]",“…Œ æ‰,Who,WP,NNP,0,0,0,0,0,0,0,0,0,0,0,0,1,0,0,0,0,0,0,0,0,0,0,0,0,0,0,0,0,0,0,0,0,0,0,0,1,0
552,Which movies did Kurosawa direct?,1,,“…Œ æ‰,Which,WDT,NNS,0,0,0,0,0,0,0,0,0,0,0,0,0,0,0,1,0,0,0,0,0,0,0,0,0,0,0,0,0,0,0,0,0,0,0,1,0,0
553,What is the most frequent cause of death?,1,,“…Œ æ‰,What,WP,NN,0,0,0,0,0,0,0,0,0,0,0,0,0,0,0,0,0,0,0,0,0,0,0,0,1,0,0,0,0,0,0,1,0,0,0,1,0,1
554,Which rockets were launched from Baikonur?,1,,“…Œ æ‰,Which,WDT,NNS,0,0,0,0,0,0,0,0,0,0,0,0,0,0,0,0,0,0,0,0,0,1,0,0,0,0,0,0,0,0,0,0,0,0,0,1,0,0
555,What does IYCM stand for?,0,,“…Œ æ‰,What,WP,WP,0,0,0,0,0,1,0,0,0,0,0,0,0,0,0,0,0,0,0,0,0,0,0,1,0,0,0,0,0,0,0,0,0,0,0,0,0,0
556,Which companies have more than 1 million employees?,1,,“…Œ æ‰,Which,WDT,NNS,0,0,0,0,0,0,0,0,0,0,0,0,0,0,0,0,0,0,0,0,0,0,0,0,0,0,0,0,0,0,0,0,0,0,0,1,0,1
557,Give all swimmers that were born in Moscow.,0,,≥¬ ˆæ‰,VB,VB,NNS,0,0,0,0,0,0,0,0,0,0,0,0,0,0,0,1,0,0,1,0,0,0,0,0,0,0,0,0,0,0,0,0,0,0,0,1,0,0
558,Who was called Rodzilla?,0,,“…Œ æ‰,Who,WP,WP,0,0,0,0,0,0,0,0,0,0,0,0,0,0,0,0,0,0,0,0,0,1,0,0,0,0,0,0,0,0,0,0,0,0,0,0,0,0
559,Show me the book that Muhammad Ali wrote.,0,,≥¬ ˆæ‰,VB,VB,NN,0,0,0,0,0,0,0,0,0,0,0,0,0,0,0,1,0,0,1,0,0,0,0,0,0,0,0,0,0,0,0,0,0,0,0,1,0,0
560,How many museums does Paris have?,0,"[""[advmod£∫<--]-->[amod£∫<--]""]",“…Œ æ‰,How,WRB,NNS,0,0,0,0,0,0,0,0,0,0,0,0,0,0,0,1,0,0,0,0,0,0,0,0,1,0,0,0,0,0,0,0,0,0,0,0,0,0
561,Which city has the most inhabitants?,1,,“…Œ æ‰,Which,WDT,NN,0,0,0,0,0,0,0,0,0,0,0,0,0,0,0,0,0,0,0,0,0,0,0,0,0,0,0,0,0,0,0,0,0,0,0,1,0,1
562,Which city has the least inhabitants?,1,,“…Œ æ‰,Which,WDT,NN,0,0,0,0,0,0,0,0,0,0,0,0,0,0,0,0,0,0,0,0,0,0,0,0,0,0,0,0,0,0,0,0,0,0,0,1,0,1
563,Give me all the TV shows with Neil Patrick Harris.,0,,≥¬ ˆæ‰,VB,VB,NNS,0,0,0,0,0,0,0,0,0,0,0,0,0,0,0,1,0,0,0,0,0,0,0,0,0,0,0,0,0,0,0,1,0,1,0,1,1,0
564,Who wrote The Hunger Games?,0,,“…Œ æ‰,Who,WP,WP,0,0,0,0,0,0,0,0,0,0,0,0,0,0,0,0,0,0,0,0,0,0,0,0,0,0,0,0,0,0,0,0,0,0,0,0,0,1
565,Show a list of soccer clubs that play in the Bundesliga.,0,,≥¬ ˆæ‰,VB,VB,NN,0,0,0,0,0,0,0,0,0,0,0,0,0,0,0,1,0,0,0,0,0,0,0,0,0,0,0,0,0,0,0,1,0,0,0,1,0,0
566,What country is Mount Everest in?,1,,“…Œ æ‰,What,WDT,NN,0,0,0,0,0,0,0,0,0,1,0,0,0,0,0,0,0,0,0,0,0,0,0,1,0,1,0,0,0,0,0,0,0,0,0,1,0,1
567,Who is the founder of Penguin Books?,1,,“…Œ æ‰,Who,WP,NN,0,0,0,0,0,0,0,0,0,1,0,0,0,0,0,0,0,0,0,0,0,0,0,0,0,1,0,0,0,0,0,1,0,0,0,1,0,1
568,Which programming languages influenced Javascript?,1,,“…Œ æ‰,Which,WDT,NNS,0,0,0,0,0,0,0,0,0,0,0,0,0,0,0,0,0,0,0,0,0,0,0,0,0,0,0,0,0,0,0,0,0,0,0,1,1,1
569,List all the musicals with music by Elton John.,0,,≥¬ ˆæ‰,VB,VB,NNS,0,0,0,0,0,0,0,0,0,0,0,0,0,0,0,1,0,0,0,0,0,0,0,0,0,0,0,0,0,0,0,1,0,1,0,1,0,0
570,When was the Titanic completed?,0,,“…Œ æ‰,When,WRB,WRB,0,0,0,0,0,0,0,0,0,0,0,0,0,0,0,0,0,0,0,0,0,0,0,0,0,0,0,0,0,0,1,0,0,0,0,0,0,0
571,How much did Pulp Fiction cost?,0,"[""[advmod£∫<--]-->[advmod£∫<--]""]",“…Œ æ‰,How,WRB,VB,0,0,0,0,0,0,0,0,0,0,0,0,0,0,0,0,0,0,0,0,0,0,0,0,0,0,0,0,0,0,0,0,0,0,0,0,0,0
572,How many airlines are there?,0,"[""[advmod£∫<--]-->[amod£∫<--]""]",“…Œ æ‰,How,WRB,NNS,0,0,0,0,0,0,0,0,0,0,0,0,0,0,0,0,0,0,0,0,0,0,0,0,1,0,0,0,0,0,0,0,0,0,0,0,0,1
573,Who played Agent Smith in Matrix?,0,,“…Œ æ‰,Who,WP,WP,0,0,0,0,0,0,0,0,0,0,0,0,0,0,0,0,0,0,0,0,0,0,0,0,0,0,0,0,0,0,0,0,0,0,0,0,0,1
574,How much carbs does peanut butter have?,0,"[""[advmod£∫<--]-->[amod£∫<--]""]",“…Œ æ‰,How,WRB,NNS,0,0,0,0,0,0,0,0,0,0,0,0,0,0,0,1,0,0,0,0,0,0,0,0,1,0,0,0,0,0,0,0,0,0,0,0,0,0
575,Which book has the most pages?,1,,“…Œ æ‰,Which,WDT,NN,0,0,0,0,0,0,0,0,0,0,0,0,0,0,0,0,0,0,0,0,0,0,0,0,0,0,0,0,0,0,0,0,0,0,0,1,0,1
576,Which bridges cross the Seine?,1,,“…Œ æ‰,Which,WDT,NNS,0,0,0,0,0,0,0,0,0,0,0,0,0,0,0,0,0,0,0,0,0,0,0,0,0,0,0,0,0,0,0,0,0,0,0,1,0,1
577,Who is the mayor of the capital of French Polynesia?,1,,“…Œ æ‰,Who,WP,NN,0,0,0,0,0,0,0,0,0,1,0,0,0,0,0,0,0,0,0,0,0,0,0,0,0,1,0,0,0,0,0,1,0,0,0,1,0,1
578,When did Dracula's creator die?,0,,“…Œ æ‰,When,WRB,WRB,0,0,0,0,0,0,0,0,0,0,0,0,0,0,0,0,0,0,0,0,0,0,0,0,0,0,0,0,0,0,1,0,0,0,0,0,0,0
579,What is the location of the Houses of Parliament?,1,,“…Œ æ‰,What,WP,NN,0,0,0,0,0,0,0,0,0,0,0,0,0,0,0,0,0,0,0,0,0,0,0,0,0,0,0,0,0,0,0,1,0,0,0,1,0,1
580,Who was the pope that founded the Vatican Television?,1,,“…Œ æ‰,Who,WP,NN,0,0,0,0,0,0,0,0,0,1,0,0,0,0,0,0,0,0,1,0,0,0,0,0,0,1,0,0,0,0,0,0,0,0,0,1,0,1
581,What airlines are part of the SkyTeam alliance?,1,,“…Œ æ‰,What,WDT,NNS,0,0,0,0,0,0,0,0,0,0,0,0,0,0,0,0,0,0,0,0,0,0,0,0,0,0,0,0,0,0,0,0,0,0,0,1,0,1
582,"What is the total population of Melbourne, Florida?",1,,“…Œ æ‰,What,WP,NN,0,0,0,0,0,0,0,0,0,0,0,0,0,0,0,0,0,0,0,0,0,0,0,0,1,0,0,0,0,0,0,1,0,0,0,1,0,1
583,Which airports does Air China serve?,1,,“…Œ æ‰,Which,WDT,NNS,0,0,0,0,0,0,0,0,0,0,0,0,0,0,0,1,0,0,0,0,0,0,0,0,0,0,0,0,0,0,0,0,0,0,0,1,0,0
584,In which year was Rachel Stevens born?,1,,“…Œ æ‰,which,WDT,NN,0,0,0,0,0,0,0,0,0,1,0,0,0,0,0,0,0,0,1,0,0,0,0,1,0,1,0,0,0,0,0,0,0,0,0,1,0,0
585,Where was JFK assassinated?,0,,“…Œ æ‰,Where,WRB,WRB,0,0,0,0,0,0,0,0,0,0,0,0,0,0,0,0,0,0,0,0,0,0,0,0,0,0,0,0,0,0,1,0,0,0,0,0,0,0
586,How many politicians graduated from Columbia University?,0,"[""[advmod£∫<--]-->[amod£∫<--]""]",“…Œ æ‰,How,WRB,NNS,0,0,0,0,0,0,0,0,0,0,0,0,0,0,0,0,0,0,0,0,0,0,0,0,1,0,0,0,0,0,0,0,0,0,0,0,0,1
587,Which scientist is known for the Manhattan Project and the Nobel Peace Prize?,1,,“…Œ æ‰,Which,WDT,NN,0,0,0,0,0,0,0,0,0,0,0,0,0,0,0,0,0,0,0,0,0,1,0,0,0,0,0,0,0,0,0,0,0,0,0,1,0,0
588,What is the highest volcano in Africa?,1,,“…Œ æ‰,What,WP,NN,0,0,0,0,0,0,0,0,0,0,0,0,0,0,0,0,0,0,0,0,0,0,0,0,1,0,0,0,0,0,0,1,0,0,0,1,0,1
589,Which beer originated in Ireland?,1,,“…Œ æ‰,Which,WDT,NN,0,0,0,0,0,0,0,0,0,0,0,0,0,0,0,0,0,0,0,0,0,0,0,0,0,0,0,0,0,0,0,0,0,0,0,1,0,1
590,What are the specialities of the UNC Health Care?,1,,“…Œ æ‰,What,WP,NNS,0,0,0,0,0,0,0,0,0,0,0,0,0,0,0,0,0,0,0,0,0,0,0,0,0,0,0,0,0,0,0,1,0,0,0,1,0,1
591,Who is the owner of Facebook?,1,,“…Œ æ‰,Who,WP,NN,0,0,0,0,0,0,0,0,0,1,0,0,0,0,0,0,0,0,0,0,0,0,0,0,0,1,0,0,0,0,0,1,0,0,0,1,0,1
592,From which region is the Melon de Bourgogne?,1,,“…Œ æ‰,which,WDT,NN,0,0,0,0,0,0,0,0,0,1,0,0,0,0,0,0,0,0,0,0,0,0,0,1,0,1,0,0,0,0,0,0,0,0,0,1,0,1
593,Who was influenced by Socrates?,0,,“…Œ æ‰,Who,WP,WP,0,0,0,0,0,0,0,0,0,0,0,0,0,0,0,0,0,0,0,0,0,1,0,0,0,0,0,0,0,0,0,0,0,0,0,0,0,0
594,Who was president of Pakistan in 1978?,1,,“…Œ æ‰,Who,WP,NN,0,0,0,0,0,0,0,0,0,1,0,0,0,0,0,0,0,0,0,0,0,0,0,0,0,1,0,0,0,0,0,1,0,0,0,0,0,1
595,Give me English actors starring in Lovesick.,0,,≥¬ ˆæ‰,VB,VB,NNS,0,0,0,0,0,0,0,0,0,0,0,0,0,0,0,1,1,0,0,0,0,0,0,0,1,0,0,0,0,0,0,0,0,0,0,0,0,0
596,Give me all types of eating disorders.,0,,≥¬ ˆæ‰,VB,VB,NNS,0,0,0,0,0,0,0,0,0,0,0,0,0,0,0,1,0,0,0,0,0,0,0,0,0,0,0,0,0,0,0,1,0,0,0,1,0,0
597,Who was married to president Chirac?,0,,“…Œ æ‰,Who,WP,WP,0,0,0,0,0,0,0,0,0,0,0,0,0,0,0,0,0,0,0,0,0,1,0,0,0,0,0,0,0,0,0,0,0,0,0,0,0,0
598,What is the largest metropolitan area in Washington state?,1,,“…Œ æ‰,What,WP,NN,0,0,0,0,0,0,0,0,0,0,0,0,0,0,0,0,0,0,0,0,0,0,0,0,1,0,0,0,0,0,0,1,0,0,0,1,0,1
599,Where in France is sparkling wine produced?,0,,“…Œ æ‰,Where,WRB,WRB,0,0,0,0,0,1,0,0,0,0,0,0,0,0,0,0,0,0,0,0,0,0,0,0,0,0,0,0,0,0,1,0,0,0,0,0,0,0
600,Where did Hillel Slovak die?,0,,“…Œ æ‰,Where,WRB,WRB,0,0,0,0,0,0,0,0,0,0,0,0,0,0,0,0,0,0,0,0,0,0,0,0,0,0,0,0,0,0,1,0,0,0,0,0,0,0
601,What is the timezone in San Pedro de Atacama?,1,,“…Œ æ‰,What,WP,NN,0,0,0,0,0,0,0,0,0,0,0,0,0,0,0,0,0,0,0,0,0,0,0,0,0,0,0,0,0,0,0,1,0,0,0,1,0,1
602,In which city does the Chile Route 68 end?,1,,“…Œ æ‰,which,WDT,NN,0,0,0,0,0,1,0,0,0,0,0,0,0,0,0,0,0,0,0,0,0,0,0,1,0,0,0,0,0,0,0,0,0,0,0,1,0,0
603,Who was vice president under the president who authorized atomic weapons against Japan during World War II?,1,,“…Œ æ‰,Who,WP,NN,0,0,0,0,0,0,0,0,0,1,0,0,0,0,0,0,0,0,1,0,0,0,0,1,1,1,0,0,0,0,0,1,0,0,0,1,0,1
604,In which town was the assassin of Martin Luther King born?,1,,“…Œ æ‰,which,WDT,NN,0,0,0,0,0,0,0,0,0,0,0,0,0,0,0,0,0,0,0,0,0,0,0,1,0,0,0,0,0,0,0,1,0,0,0,1,0,0
605,Which anti-apartheid activist was born in Mvezo?,1,,“…Œ æ‰,Which,WDT,NN,0,0,0,0,0,0,0,0,0,0,0,0,0,0,0,0,0,0,0,0,0,1,0,0,1,0,0,0,0,0,0,0,0,0,0,1,0,0
606,How many Golden Globe awards did the daughter of Henry Fonda win?,0,"[""[advmod£∫<--]-->[amod£∫<--]""]",“…Œ æ‰,How,WRB,NNS,0,0,0,0,0,0,0,0,0,0,0,0,0,0,0,0,0,0,0,0,0,0,0,0,1,0,0,0,0,0,0,0,0,0,0,0,1,1
607,Which recipients of the Victoria Cross died in the Battle of Arnhem?,1,,“…Œ æ‰,Which,WDT,NNS,0,0,0,0,0,0,0,0,0,0,0,0,0,0,0,0,0,0,0,0,0,0,0,0,0,0,0,0,0,0,0,1,0,0,0,1,0,1
608,Where did the first man in space die?,0,,“…Œ æ‰,Where,WRB,WRB,0,0,0,0,0,0,0,0,0,0,0,0,0,0,0,0,0,0,0,0,0,0,0,0,0,0,0,0,0,0,1,0,0,0,0,0,0,0
609,How old was Steve Jobs' sister when she first met him?,1,,“…Œ æ‰,How,WRB,JJ,0,0,0,0,0,0,0,0,0,0,0,0,0,0,0,0,0,0,0,0,0,0,0,0,0,0,0,0,0,0,1,0,0,0,0,0,0,1
610,Which members of the Wu-Tang Clan took their stage name from a movie?,1,,“…Œ æ‰,Which,WDT,NNS,0,0,0,0,0,0,0,0,0,0,0,0,0,0,0,0,0,0,0,0,0,0,0,0,0,0,0,0,0,0,0,1,0,0,0,1,0,1
611,Which writers had influenced the philosopher that refused a Nobel Prize?,1,,“…Œ æ‰,Which,WDT,NNS,0,0,0,0,0,0,0,0,0,0,0,0,0,0,0,0,0,0,0,0,0,0,0,0,0,0,0,0,0,0,0,0,0,0,0,1,0,1
612,Under which king did the British prime minister that signed the Munich agreement serve?,0,"[""[obl£∫<--]-->[nsubj£∫-->]""]",“…Œ æ‰,which,WDT,NN,0,0,0,0,0,0,0,0,0,0,0,0,0,0,0,0,0,0,0,0,0,0,0,0,0,0,0,0,0,0,0,0,0,0,0,0,0,1
613,Who composed the music for the film that depicts the early life of Jane Austin?,0,,“…Œ æ‰,Who,WP,WP,0,0,0,0,0,0,0,0,0,0,0,0,0,0,0,0,0,0,0,0,0,0,0,0,0,0,0,0,0,0,0,0,0,0,0,0,0,1
614,Who succeeded the pope that reigned only 33 days?,0,,“…Œ æ‰,Who,WP,WP,0,0,0,0,0,0,0,0,0,0,0,0,0,0,0,0,0,0,0,0,0,0,0,0,0,0,0,0,0,0,0,0,0,0,0,0,0,1
615,On which island did the national poet of Greece die?,1,,“…Œ æ‰,which,WDT,NN,0,0,0,0,0,1,0,0,0,0,0,0,0,0,0,0,0,0,0,0,0,0,0,1,0,0,0,0,0,0,0,0,0,0,0,1,0,0
616,Which horses did The Long Fellow ride?,1,,“…Œ æ‰,Which,WDT,NNS,0,0,0,0,0,0,0,0,0,0,0,0,0,0,0,0,0,0,0,0,0,0,0,0,0,0,0,0,0,0,0,0,0,0,0,1,0,1
617,"Of the people that died of radiation in Los Alamos, whose death was an accident?",0,"[""[nmod:poss£∫<--]-->[nsubj£∫<--]-->[acl:relcl£∫<--]""]",“…Œ æ‰,whose,WP$,NNS,0,0,0,0,0,0,0,0,0,0,0,0,0,0,0,0,0,0,1,0,0,0,0,1,0,1,0,0,0,0,0,0,0,0,0,1,0,0
618,Which building owned by the Bank of America was featured in the TV series MegaStructures?,1,,“…Œ æ‰,Which,WDT,NN,0,0,0,0,0,0,0,0,0,0,0,0,0,0,0,0,1,0,0,0,0,1,0,0,0,0,0,0,0,0,0,0,0,0,0,1,0,0
619,"Which buildings in art deco style did Shreve, Lamb and Harmon design?",1,,“…Œ æ‰,Which,WDT,NNS,0,0,0,0,0,0,0,0,0,0,0,0,0,0,0,0,0,0,0,0,0,0,0,0,0,0,0,0,0,0,0,1,0,0,0,1,0,1
620,Which birds are protected under the National Parks and Wildlife Act?,1,,“…Œ æ‰,Which,WDT,NNS,0,0,0,0,0,0,0,0,0,0,0,0,0,0,0,0,0,0,0,0,0,1,0,0,0,0,0,0,0,0,0,0,0,0,0,1,0,0
621,Which country did the first known photographer of snowflakes come from?,1,,“…Œ æ‰,Which,WDT,NN,0,0,0,0,0,0,0,0,0,0,0,0,0,0,0,0,0,0,0,0,0,0,0,0,0,0,0,0,0,0,0,0,0,0,0,1,0,1
622,List all the battles commanded by the lover of Cleopatra.,0,,≥¬ ˆæ‰,VB,VB,NNS,0,0,0,0,0,0,0,0,0,0,0,0,0,0,0,1,1,0,0,0,0,0,0,0,0,0,0,0,0,0,0,0,0,1,0,1,0,0
623,Which actress starring in the TV series Friends owns the production company Coquette Productions?,1,,“…Œ æ‰,Which,WDT,NN,0,0,0,0,0,0,0,0,0,0,0,0,0,0,0,0,1,0,0,0,0,0,0,0,0,0,0,0,0,0,0,0,0,0,0,1,0,1
624,Gaborone is the capital of which country member of the African Union?,0,"[""[det£∫<--]-->[nmod£∫<--]""]",“…Œ æ‰,which,WDT,NN,0,0,0,0,0,0,0,0,0,1,0,0,0,0,0,0,0,0,0,0,0,0,0,0,0,1,0,0,0,0,0,1,0,0,0,1,0,1
625,When was the composer of the opera Madame Butterfly born?,0,,“…Œ æ‰,When,WRB,WRB,0,0,0,0,0,0,0,0,0,0,0,0,0,0,0,0,0,0,0,0,0,0,0,0,0,0,0,0,0,0,1,0,0,0,0,0,0,0
626,Which street basketball player was diagnosed with Sarcoidosis?,1,,“…Œ æ‰,Which,WDT,NN,0,0,0,0,0,0,0,0,0,0,0,0,0,0,0,0,0,0,0,0,0,1,0,0,0,0,0,0,0,0,0,0,0,0,0,1,1,0
627,For which movie did the daughter of Francis Ford Coppola receive an Oscar?,1,,“…Œ æ‰,which,WDT,NN,0,0,0,0,0,1,0,0,0,0,0,0,0,0,0,0,0,0,0,0,0,0,0,1,0,0,0,0,0,0,0,0,0,0,0,1,0,0
628,Which city does the first person to climb all 14 eight-thousanders come from?,1,,“…Œ æ‰,Which,WDT,NN,0,0,0,0,0,0,0,0,0,0,0,0,0,0,0,0,0,0,0,0,0,0,0,0,0,0,0,0,0,0,0,0,0,0,0,1,0,1
629,At which college did the only American actor that received the C  sar Award study?,1,,“…Œ æ‰,which,WDT,NN,0,0,0,0,0,1,0,0,0,0,0,0,0,0,0,0,0,0,0,0,0,0,0,1,0,0,0,0,0,0,0,0,0,0,0,1,0,0
630,How old is James Bond in the latest Bond book by William Boyd?,1,,“…Œ æ‰,How,WRB,JJ,0,0,0,0,0,0,0,0,0,1,0,0,0,0,0,0,0,0,0,0,0,0,0,0,0,1,0,0,0,0,1,0,0,0,0,0,0,0
631,What eating disorder is characterized by an appetite for substances such as clay and sand?,1,,“…Œ æ‰,What,WDT,NN,0,0,0,0,0,0,0,0,0,0,0,0,0,0,0,0,0,0,0,0,0,1,0,0,0,0,0,0,0,0,0,0,0,0,0,1,1,0
632,What is the native city of Hollywood's highest-paid actress?,1,,“…Œ æ‰,What,WP,NN,0,0,0,0,0,0,0,0,0,0,0,0,0,0,0,0,0,0,0,0,0,0,0,0,1,0,0,0,0,0,0,1,0,0,0,1,0,1
633,In which city does the former main presenter of the Xpos   girls live?,1,,“…Œ æ‰,which,WDT,NN,0,0,0,0,0,1,0,0,0,0,0,0,0,0,0,0,0,0,0,0,0,0,0,1,0,0,0,0,0,0,0,0,0,0,0,1,0,0
634,Who plays Phileas Fogg in the adaptation of Around the World in 80 Days directed by Buzz Kulik?,0,,“…Œ æ‰,Who,WP,WP,0,0,0,0,0,0,0,0,0,0,0,0,0,0,0,0,0,0,0,0,0,0,0,0,0,0,0,0,0,0,0,0,0,0,0,0,0,1
635,Who is the front man of the band that wrote Coffee & TV?,1,,“…Œ æ‰,Who,WP,NN,0,0,0,0,0,0,0,0,0,1,0,0,0,0,0,0,0,0,1,0,0,0,0,0,1,1,0,0,0,0,0,1,0,0,0,1,0,1
636,Which Chinese-speaking country is a former Portguese colony?,1,,“…Œ æ‰,Which,WDT,NN,0,0,0,0,0,0,0,0,0,0,0,0,0,0,0,0,0,0,0,0,0,0,0,0,0,0,0,0,0,0,0,0,0,0,0,1,1,1
637,What is the largest city in the county in which Faulkner spent most of his life?,1,,“…Œ æ‰,What,WP,NN,0,0,0,0,0,0,0,0,0,0,0,0,0,0,0,0,0,0,1,0,0,0,0,0,1,0,0,0,0,0,0,1,0,0,0,1,0,1
638,"In which year did the Hungarian-American actor called ""The King of Horror"" make his first film?",1,,“…Œ æ‰,which,WDT,NN,0,0,0,0,0,1,0,0,0,0,0,0,0,0,0,0,0,0,0,0,0,0,0,1,0,0,0,0,0,0,0,0,0,0,0,1,0,0
639,Under which pseudonym did Charles Dickens publish some of his books?,1,,“…Œ æ‰,which,WDT,NN,0,0,0,0,0,1,0,0,0,0,0,0,0,0,0,0,0,0,0,0,0,0,0,1,0,0,0,0,0,0,0,0,0,0,0,1,0,0
640,A landmark of which city is the home of the Mona Lisa?,1,,“…Œ æ‰,which,WDT,NN,0,0,0,0,0,0,0,0,0,0,0,0,0,0,0,0,0,0,0,0,0,0,0,1,0,0,0,0,0,0,0,0,0,0,0,1,0,1
641,How tall is Amazon Eve?,1,,“…Œ æ‰,How,WRB,JJ,0,0,0,0,0,0,0,0,0,1,0,0,0,0,0,0,0,0,0,0,0,0,0,0,0,1,0,0,0,0,1,0,0,0,0,0,0,1
642,Which politicians were married to a German?,1,,“…Œ æ‰,Which,WDT,NNS,0,0,0,0,0,0,0,0,0,0,0,0,0,0,0,0,0,0,0,0,0,1,0,0,0,0,0,0,0,0,0,0,0,0,0,1,0,0
643,When was Jack Wolfskin founded?,0,,“…Œ æ‰,When,WRB,WRB,0,0,0,0,0,0,0,0,0,0,0,0,0,0,0,0,0,0,0,0,0,0,0,0,0,0,0,0,0,0,1,0,0,0,0,0,0,0
644,Butch Otter is the governor of which U.S. state?,1,,“…Œ æ‰,which,WDT,NN,0,0,0,0,0,1,0,0,0,0,0,0,0,0,0,0,0,0,0,0,0,0,0,0,0,0,0,0,0,0,0,1,0,0,0,0,1,0
645,Which weapons did Heckler & Koch develop?,1,,“…Œ æ‰,Which,WDT,NNS,0,0,0,0,0,0,0,0,0,0,0,0,0,0,0,1,0,0,0,0,0,0,0,0,0,0,0,0,0,0,0,0,0,0,0,1,0,0
646,Where is Fort Knox located?,0,,“…Œ æ‰,Where,WRB,WRB,0,0,0,0,0,0,0,0,0,1,0,0,0,0,0,0,0,0,0,0,0,0,0,0,0,1,0,0,0,1,0,0,0,0,0,0,0,0
647,Who created Batman?,0,,“…Œ æ‰,Who,WP,WP,0,0,0,0,0,0,0,0,0,0,0,0,0,0,0,0,0,0,0,0,0,0,0,0,0,0,0,0,0,0,0,0,0,0,0,0,0,1
648,When was Olof Palme shot?,0,,“…Œ æ‰,When,WRB,WRB,0,0,0,0,0,0,0,0,0,1,0,0,0,0,0,0,0,0,0,0,0,0,0,0,0,1,0,0,0,0,0,0,0,0,0,0,0,1
649,Give me the grandchildren of Elvis Presley.,0,,≥¬ ˆæ‰,VB,VB,NNS,0,0,0,0,0,0,0,0,0,0,0,0,0,0,0,1,0,0,0,0,0,0,0,0,0,0,0,0,0,0,0,1,0,0,0,1,0,0
650,How deep is Lake Chiemsee?,1,,“…Œ æ‰,How,WRB,JJ,0,0,0,0,0,0,0,0,0,1,0,0,0,0,0,0,0,0,0,0,0,0,0,0,0,1,0,0,0,0,1,0,0,0,0,0,0,1
651,What does ICRO stand for?,0,,“…Œ æ‰,What,WP,WP,0,0,0,0,0,1,0,0,0,0,0,0,0,0,0,0,0,0,0,0,0,0,0,1,0,0,0,0,0,0,0,0,0,0,0,0,0,0
652,List all the musicals with music by Leonard Bernstein.,0,,≥¬ ˆæ‰,VB,VB,NNS,0,0,0,0,0,0,0,0,0,0,0,0,0,0,0,1,0,0,0,0,0,0,0,0,0,0,0,0,0,0,0,1,0,1,0,1,0,0
653,Show me all the breweries in Australia.,0,,≥¬ ˆæ‰,VB,VB,NNS,0,0,0,0,0,0,0,0,0,0,0,0,0,0,0,1,0,0,0,0,0,0,0,0,0,0,0,0,0,0,0,1,0,1,0,1,0,0
654,Show me all English Gothic buildings in Kent.,0,,≥¬ ˆæ‰,VB,VB,NNS,0,0,0,0,0,0,0,0,0,0,0,0,0,0,0,1,0,0,0,0,0,0,0,0,1,0,0,0,0,0,0,1,0,0,0,1,0,0
655,Which airports does Yeti Airlines serve?,1,,“…Œ æ‰,Which,WDT,NNS,0,0,0,0,0,0,0,0,0,0,0,0,0,0,0,1,0,0,0,0,0,0,0,0,0,0,0,0,0,0,0,0,0,0,0,1,0,0
656,Which movies starring Mickey Rourke were directed by Guy Ritchie?,1,,“…Œ æ‰,Which,WDT,NNS,0,0,0,0,0,0,0,0,0,0,0,0,0,0,0,0,1,0,0,0,0,1,0,0,0,0,0,0,0,0,0,0,0,0,0,1,0,0
657,Which subsidiary of TUI Travel serves both Glasgow and Dublin?,1,,“…Œ æ‰,Which,WDT,NN,0,0,0,0,0,0,0,0,0,0,0,0,0,0,0,0,0,0,0,0,0,0,0,0,0,0,0,0,0,0,0,1,0,0,0,1,0,1
658,Desserts from which country contain fish?,0,"[""[obl£∫<--]-->[nsubj£∫-->]""]",“…Œ æ‰,which,WDT,NN,0,0,0,0,0,0,0,0,0,0,0,0,0,0,0,0,0,0,0,0,0,0,0,0,0,0,0,0,0,0,0,0,0,0,0,0,0,1
659,How high is the lighthouse in Colombo?,1,,“…Œ æ‰,How,WRB,JJ,0,0,0,0,0,0,0,0,0,1,0,0,0,0,0,0,0,0,0,0,0,0,0,0,0,1,0,0,0,0,1,0,0,0,0,0,0,1
